143698678,E. Lavretsky
"3096366",K. Wise
"2282051693","Thitiphun Vongkunghae"
"104097896","I. A. Aly"
"144759274","K. M. Dogan"
"145308491","Benjamin C. Gruenwald"
"33616170","Joshua T. Bryson"
"2090917659","Benjamin C. Moulton"
"2282941415","Matthew Harris"
"98445528","D. Hunsaker"
"2282214985","James Joo"
"2203699000","Resit Demirkiran"
"2114644943","Hasan İşci"
"2282718762","Ercument Turkoglu"
"2145335126","Haoran Wang"
"2059870077","Nathan Powell"
"2279924153","Andrea L’Afflitto"
"2259354453","Andrew J. Kurdila"
"2240522089","John A. Burns"
"2185415724","Simin Liu"
"2264189628","Kai S. Yun"
"2264995948","John M. Dolan"
"2238180276","Changliu Liu"
"2222480155","Beibei Xing"
"2239911455","Zhaoyu Wei"
"2223603458","Mingqing Lu"
"2239880262","Fei Liao"
"2257049747","Lavrinenko Danila"
"2105728565","Glushchenko Anton"
"2105728660","Lastochkin Konstantin"
"2257983155","A. Glushchenko"
"2158815690","K. Lastochkin"
"2223911908","Michael Anderson"
"2164793689","J. Humberto Ramos"
"144394831","Benjamin T. Dickinson"
"98885828","K. Brink"
"143871306","P. Ganesh"
"102398892","X. Ning"
"153240382","J. Liu"
"47196569","Z. Wang"
"2171694557","C. Luo"
"1398772532","J. Travieso-Torres"
"2221711729","Abdiel Ricaldi-Morales"
"2172712004","Adolfo Véliz-Tejo"
"2172703410","Felipe Leiva-Silva"
"2750363","Meryem Deniz"
"1787895","T. Yucelen"
"9387305","Yan Wan"
"51044974","Wenshuai Zhao"
"2144728284","Xi Wang"
"94017436","Yifu Long"
"2219854676","Zhenhua Zhou"
"2192906891","Linhang Tian"
"2111856667","M. Han"
"30982161","D. Popa"
"144948437","C. Harnett"
"2212327760","Vidya Sumathy"
"2212327819","Sajid Ahamed Mohammed Abdul"
"1748695","D. Ghose"
"2069178696","Youyang Qu"
"1736739157","Lindong Fan"
"2184158840","Lu Dai"
"2146315522","Feng Li"
"2113309583","Xing Zhong"
"72186446","Pooya Parsa"
"1401688552","M. Akbarzadeh-T."
"3387396","F. Baghbani"
"2056671227","P. Fisher"
"2067240","A. Annaswamy"
"2203642402","Eren Sarioglu"
"2170915229","Atahan Kurttisi"
"9695144","Asha P. Nair"
"2079473","N. Selvaganesan"
"2205960","V. Lalithambika"
"2202448985","Jiaxin Wu"
"50270715","Linying Xiang"
"2108455887","Wuguang Wang"
"50200438","A. Khalil"
"28888276","S. Mukhopadhyay"
"22615757","H. Rehman"
"2053098940","David C. Gordon"
"5917767","A. Norouzi"
"2161240727","Alexander Winkler"
"2194869631","Jakub McNally"
"94875719","Eugen Nuss"
"143795783","D. Abel"
"1766413","M. Shahbakhti"
"32602940","J. Andert"
"2019257","C. Koch"
"2356423","Andrew G. Lamperski"
"143667008","Peng Li"
"2004587733","Di Liu"
"2077455631","X. Xia"
"49998719","S. Baldi"
"47031217","Kaiwen Chen"
"144774378","A. Astolfi"
"1743776","T. Parisini"
"2109248580","Saim Ahmed"
"3836512","A. Azar"
"40916698","M. Tounsi"
"2144728436","Xi Wang"
"2118665808","Zhenhua Zhou"
"2158490335","Yingli Sang"
"103010625","Zhengqiang Zhang"
"2186201767","S. S. E. Mousavi"
"3266087","S. Pourtakdoust"
"19297939","Tyler Lekang"
"2051716723","Changkun Yu"
"145162604","Zhigang Wu"
"2155848136","Chao Yang"
"1422449975","D. Novella‐Rodríguez"
"1398683618","J. Tudón-Martínez"
"1443616254","R. Vázquez‐Guerra"
"1400769044","J. Márquez‐Rubio"
"2153603477","Yu Wang"
"36001358","Aijun Li"
"97062644","Shu Yang"
"153811451","Haochang Tian"
"102124674","E. M. Coates"
"152342443","D. Reinhardt"
"30869110","K. Gryte"
"1738481","T. Johansen"
"2066371180","Xin Ning"
"50219447","Zheng Wang"
"2158846283","Benjamin Edwards Farber"
"143878947","C. M. Richards"
"14111141","A. Glushchenko"
"51464250","K. Lastochkin"
"2163586490","Peter A. Fisher"
"51219725","Spencer M. Richards"
"2082417","Navid Azizan"
"1740591","J. Slotine"
"1696085","M. Pavone"
"2054039112","M. Tran"
"96606572","Thinh Huynh"
"1395912337","Soumayya Chakir"
"2115475292","Dong-Hun Lee"
"47659232","Young-Bok Kim"
"40501005","Yang Li"
"1993674","H. Dankowicz"
"3331887","L. Dritsas"
"2158053221","A. S. Aljuboury"
"49317701","A. H. Hameed"
"66754422","A. Ajel"
"2073994643","A. Humaidi"
"1403528396","A. Alkhayyat"
"67102594","Ammar K. Al Mhdawi"
"2003482211","P. A. Kolganov"
"2005857721","A. Kondratiev"
"2162257585","A. Y. Tiumentsev"
"73564508","Y. Tiumentsev"
"81138600","Jesse Jaramillo"
"1573578979","Kevin Wilcher"
"2148682964","Medrdad Pakmehr"
"2148698318","Erin Leslie"
"2148697654","Spencer Flint"
"33565577","H. Briggs"
"2109758693","Michael L. Anderson"
"2148696120","Grant Appel"
"2132336558","Seth Konig"
"2148695603","Nathaniel Bowen"
"2149780975","Cailin Foster"
"2148699748","Humberto Ramos"
"3250724","Jared A. Grauer"
"2141643243","Erxin Gao"
"1830123","Xiaokui Yue"
"1379868464","Huixuan Zhuang"
"3196028","Qinglin Sun"
"6649345","Zengqiang Chen"
"2111552091","Xianyi Zeng"
"2026973452","Yue Feng"
"2143394970","Yongshun Wang"
"2158128778","Zonghua Sun"
"32983409","Bin Xi"
"3282704","Liaoni Wu"
"2088865756","A. H. Mhmood"
"2879094","H. Ali"
"9379106","Amjad J. Humaidi"
"46202700","I. Ibraheem"
"145487136","Steven Snyder"
"152226299","Pan Zhao"
"2130392","N. Hovakimyan"
"34943237","P. Stavropoulos"
"12918545","A. Papacharalampopoulos"
"2070695860","C. Michail"
"1897961","G. Chryssolouris"
"1877838361","Yiming Guo"
"46758732","Jianguo Yan"
"1557391337","Cihang Wu"
"152256494","Xiwei Wu"
"2108612824","Mengping Chen"
"3208095","Xiaojun Xing"
"1775444","Jonathan A. Muse"
"2115345975","Xiao-dong Zhang"
"7530354","B. Yuksek"
"2985826","G. Inalhan"
"19316702","Seyed Shahabaldin Tohidi"
"48871289","Y. Yildiz"
"98282506","Narjes Ahmadian"
"7736905","A. Khosravi"
"2102459","Pouria Sarhadi"
"2635260","M. L. Fravolini"
"2145503","G. Costante"
"9215566","M. Napolitano"
"145281166","Ge Song"
"144146724","G. Tao"
"1682905","W. Haddad"
"1791875","P. Tabuada"
"153549952","Lucas Fraile"
"1764105","G. D. L. Torre"
"26925452","A. Chakravarthy"
"39907479","Fan Wang"
"119885958","Hongjun Li"
"47995557","Hongyang Xu"
"144518473","Jie Yan"
"2117171208","Jin Zhang"
"1581405958","L. N. Palupi"
"2089905833","T. Winarno"
"2079345028","A. Pracoyo"
"40845045","L. Ardhenta"
"1509169350","Daniel Wagner"
"32526897","D. Henrion"
"1769635","M. Hromčík"
"83666493","D. Trotta"
"3027191","G. Matteis"
"96873291","Alessandro Zavoli"
"2090266562","Vincenzo D'Antuono"
"72817276","Michael J. Acheson"
"38456323","I. Gregory"
"2009374408","Jacob W. Cook"
"2301321","S. Theodoulis"
"151131301","Michael Proff"
"2009408126","Newton H. Campbell"
"144649151","N. Neogi"
"47433391","Jon B. Holbrook"
"46247977","B. Bacon"
"46569746","P. Murphy"
"8863492","D. Moerder"
"50792542","Benjamin M. Simmons"
"48005358","T. Britton"
"31716489","Stefan Ristevski"
"1580610076","Kemberly Cespedes"
"1406246145","E. Yildirim"
"1582700397","N. Cartocci"
"84530475","Joseph E. Gaudio"
"2932678","M. Bolender"
"70439752","Thomas Linehan"
"2969064","K. Mohseni"
"1581788903","J. Ferrar"
"21017861","S. Snyder"
"4630847","Hongliang Xiao"
"97584715","Huacong Li"
"48717115","Kai Peng"
"2118371911","Jia Li"
"1789590","Michael A. Malisoff"
"38999512","Sanyan Chen"
"7707872","Yuchao Wang"
"82845918","Wenrui Shi"
"5335230","Hansheng Wu"
"2070588214","Andi Dharmawan"
"1921766","A. E. Putra"
"1478387667","I. M. Tresnayana"
"2234466442","Wahyu Agung Wicaksono"
"30620616","Alok N. Menon"
"40436789","J. Vlk"
"50250676","Peter Chudý"
"1677306321","Milan Prustomersky"
"146109633","A. Kuzminov"
"1581899441","N. G. Korostieva"
"1581897583","Ahmed I. Khazuev"
"72684041","O. Ternovsky"
"30784627","Rusong Zhu"
"2155273776","Hai Wang"
"39424012","Guofu Yin"
"1813929","Z. Ding"
"3114046","R. A. Razak"
"2352943","Srikant Sukumar"
"35472414","Hoam Chung"
"97645985","S. Rapp"
"2114787","R. Schmehl"
"2626098","E. Oland"
"2061332108","T. Haas"
"51187251","Haoping Wang"
"31141556","M. S. Aslam"
"2754119","I. Ghous"
"146995924","Irfan Qaisar"
"2108154296","Jiao Chen"
"48094591","Jiangyun Wang"
"102257520","Weihong Wang"
"104182322","Tansel Yucelenand"
"2743899","A. Calise"
"23223860","S. B. Sarsılmaz"
"2195584915","Sture Schmidt"
"24348466","J. Meyers"
"2059578590","Guilherme C. Barbosa"
"32305938","R. Bertolin"
"83549808","Juliano A. Paulino"
"1391800342","Antônio B. Guimarães Neto"
"33895397","F. Silvestre"
"145456710","Nailong Wu"
"2146057960","Meng Wang"
"144086436","T. Ge"
"2146289179","Chao Wu"
"2089312","Deqing Yang"
"145653641","Rui Yang"
"83915305","Gengsheng Tang"
"2108432779","S. Zhang"
"2118213071","Tao Chen"
"2355862","Chuntao Li"
"2110996073","D. Zhao"
"9286875","Jianguo Guo"
"14414116","Tian-bao Zhang"
"9166799","Cheng-Yu Cheng"
"49287529","Lijia Xu"
"40406032","Zheng Wang"
"2208117927","Bo Zhang"
"2577376","Jianping Yuan"
"52132958","N. Moustakis"
"18080300","Bingyu Zhou"
"2159973534","Thuan Le Quang"
"47761203","Marcel Menner"
"2536384","F. Holzapfel"
"143672662","N. Nguyen"
"144332896","Kelley E. Hashemi"
"101341983","Shahin Firuzi"
"9893099","Shengping Gong"
"23910131","Zhongjiao Shi"
"46586871","Liangyu Zhao"
"2109415001","Yeqing Zhu"
"2286551055","Kadriye Merve Doğan"
"1736357","Enver Tatlıcıoğlu"
"1748063","E. Zergeroğlu"
"38598506","Kamil Cetin"
"144324925","Zheng Wang"
"10743579","Yanpeng Pan"
"144324924","Z. Wang"
"71540778","Yongwei Shi"
"34780778","Dejia Che"
"143635152","E. Arabi"
"40466884","Benjamin Thomsen"
"2077120819","Tyler Oswald"
"101549772","Y. L. Ferrier"
"2237607069","Nhan T. Nguyen"
"2568984","Eric Ting"
"143969140","Daniel Chaparro"
"48632043","Xuerui Wang"
"153423909","C. de Visser"
"2237600094","Q. Chu"
"88968236","D. Famularo"
"2067393","J. Valasek"
"2064941329","F. Jurado"
"2071041560","S. López"
"145195148","A. Dzul"
"1398228799","H. Rodríguez-Cortés"
"1845367","Christos K. Verginis"
"37375135","Matteo Mastellaro"
"1722151","Dimos V. Dimarogonas"
"50787211","R. M. Farhadi"
"49863869","V. Kortunov"
"97396968","A. Mohammadi"
"2157075179","Yinfeng Zhang"
"2120835396","Xiaojian Xu"
"2067615","Daniel P. Wiese"
"2095156","A. R. Noei"
"26888202","Sandor Valenciaga"
"46658495","Chiung Hung"
"145019810","Heather S. Hussain"
"10735604","Vincenzo Iannino"
"1745464","V. Colla"
"30315313","M. Innocenti"
"65949599","A. Signorini"
"19223354","Oscar Nouwens"
"23203111","Youssef Abou Harfouch"
"145403762","Shuai Yuan"
"2077396425","Ahmad Ashari"
"2153688199","Xin Wang"
"71912914","Xin Chen"
"3067895","Liyan Wen"
"3291281","John F. Quindlen"
"3199888","U. Topcu"
"1733356","Girish V. Chowdhary"
"1713935","J. How"
"24313183","Jinyuan Wei"
"2994749","C. Belcastro"
"47628231","J. Foster"
"47508921","Gautam H. Shah"
"2064712727","D. Cox"
"33875929","D. Crider"
"34615946","Loren S. Groff"
"49601089","R. L. Newman"
"50828467","D. Klyde"
"46750230","A. Ficola"
"73357049","I. Venanzi"
"72133581","L. Ierimonti"
"31043207","Swastik Samantaray"
"144777717","R. Padhi"
"12451583","Carlo A. Gerboni"
"9015132","Stefano Geluardi"
"2076812","J. Venrooij"
"2073261421","Alexander Joos"
"3220591","W. Fichter"
"1747836","H. Bülthoff"
"51190719","R. Subramanian"
"20798785","Vinodh Kumar Elumalai"
"2445390","L. Zhiteckii"
"31202804","A. U. Pilchevsky"
"66033941","K. Solovchuk"
"103392358","J. Gong"
"2053426159","R. Xie"
"30986057","W. Haoping"
"2122813800","Tianle Yang"
"9275186","M. Thiel"
"47599362","D. Schwarzmann"
"2333027","M. Schultalbers"
"1860673","T. Jeinsch"
"69403048","Ofer Eldad"
"1678595","C. Claudel"
"3399505","X. Lu"
"1985602","Qingbo Geng"
"48890017","Rigen Mo"
"3144942","H. Kheloufi"
"2666884","A. Zemouche"
"2775001","F. Bedouhene"
"1423466294","H. Souley-Ali"
"2817616","Hessam Mahdianfar"
"49419521","A. Pavlov"
"2673418","O. Aamo"
"145574672","Xin Lu"
"2150909977","D. Simon"
"9259154","Z. Qu"
"38751365","B. Stevens"
"144441675","F. Lewis"
"2148773152","Eric N. Johnson"
"2606668","G. Campa"
"3224657","Z. Lachini"
"30668517","Di Chunlei"
"9443352","Geng Qing-bo"
"2065100163","Fei Qing"
"2371226","A. Noshadi"
"29732229","W. S. Lee"
"145458642","Juan Shi"
"143673663","P. Shi"
"144339652","Akhtar Kalam"
"19203200","Scott A. Nivison"
"2854055","Adam Hart"
"2676218","B. Bialy"
"3181063","Sharon Stockbridge"
"1774185","A. Cristofaro"
"9160841","Z. Samigulina"
"66240307","O. Shiryayeva"
"9137695","G. Samigulina"
"3085386","H. Fourati"
"37529078","J. D. Polston"
"2486530","Jesse B. Hoagg"
"143816694","W. Daniel"
"145023507","V. Stepanyan"
"46800172","K. Krishnakumar"
"34571107","T. Gibson"
"144292985","Jr-Shin Li"
"143759450","Ji Qi"
"144707690","I. Papusha"
"144696890","R. Murray"
"51338246","H. M. Usman"
"2051691961","Junlong Niu"
"2991588","Xiansheng Qin"
"51303456","Z. Wang"
"2537066","J. Roshanian"
"2121028774","E. Rahimzadeh"
"144512060","Ryan A. Licitra"
"2667281","E. Doucette"
"145748887","Jorge Luengo"
"1404912904","J. Bordeneuve-Guibé"
"2454166","F. Defay"
"1477442650","ISAE-Supaéro"
"46811146","Ravi Patel"
"46956057","D. Deb"
"1800847","R. Dey"
"143721746","V. Balas"
"7632737","Georgios Lymperopoulos"
"2663035","Petros A. Ioannou"
"51202512","Wanshi Hong"
"49528487","Hong Wang"
"1571695112","Antônio B. Guimarães"
"50327708","Arnab Maity"
"2067239","L. Höcht"
"2460290","Christian D. Heise"
"2815515","Simon P. Schatz"
"1689446","E. Lughofer"
"3008866","R. Caverly"
"2127851","J. Forbes"
"104528875","Jinshuo Hu"
"47856865","Hongbin Gu"
"66010447","Brian P. Danowsky"
"35725939","Peter M. Suh"
"3387739","G. Raaja"
"3374615","E. V. Kumar"
"145961826","A. Tewari"
"2746471","K. Åström"
"2258713347","Zachary Lamb"
"143784971","Zachary I. Bell"
"2258715248","Matthew Longmire"
"2258712299","Jared Paquet"
"2258713876","Prashant Ganesh"
"2258712019","Ricardo G. Sanfelice"
"2267745160","W. B. da Silveira"
"2136239414","P. J. D. de Oliveira Evald"
"2267744939","G. X. Prestes"
"118925780","D. M. C. Milbradt"
"47695828","R. Tambara"
"30706790","H. Gründling"
"144006844","V. Trinh"
"2244357901","Chen-Kuei Chung"
"2237916258","Rodrigo Mendoza-Becker"
"2237941621","Matías Díaz"
"8720497","Rakesh R. Warier"
"145591250","Debasish Ghose"
"151103390","Muhannad Alkaddour"
"1774966","M. Jaradat"
"2254486332","Sara Tellab"
"2224092591","Nidal A. Sherif"
"2254490978","Muhammad Alvi"
"9109307","L. Romdhane"
"2254486361","Khaled S. Hatamleh"
"1380548078","Teng-Fei Ding"
"2244595786","Li-Ping Song"
"2072495502","Mingfeng Ge"
"2153707428","Tianyi Zhao"
"49939021","Guangren Duan"
"9137866","Wanqing Xin"
"51975731","Enrico Picotti"
"2007308519","Francesco Bianchin"
"2251887","M. Bruschetta"
"144101730","Phillip Stoffel"
"1692577914","Maximilian Berktold"
"2237722544","Dirk Müller"
"2144167807","Jiadi Zhang"
"2263310465","Xiao Li"
"50734468","I. Kolmanovsky"
"2156539515","Munechika Tsutsumi"
"2265005","Hayato Nakada"
"100863597","Julian Bedei"
"2154681888","Patrick Schaber"
"2257365840","Jakob Andert"
"2257344111","C. R. Koch"
"2140952926","Hamed Heidarifar"
"35233072","H. Borhan"
"96728619","S. Shahpouri"
"2052359412","Leon Frischauf"
"3191024","O. Scherzer"
"2113915201","Cong Shi"
"145380334","B. Hofmann"
"2449953","Z. Nashed"
"51236870","D. K. Villa"
"32992455","A. Brandão"
"2240533889","Mário Sarcinelli Filho"
"2131990200","S. Meraglia"
"2261544759","Giovanni Gozzini"
"2261570278","Shang Liu"
"37760365","D. Invernizzi"
"49944053","Ibrahim Ahmed"
"1411467737","Marcos Quiñones-Grueiro"
"145800351","Gautam Biswas"
"2287075416","Morteza Mirzaee"
"2287085673","Reza Kazemi"
"2237439303","Ahmad Taher Azar"
"2248099910","Mahmoud Abdel-Aty"
"2255571620","Hasib Khan"
"2252354280","Jehad Alzabut"
"2065328785","J. Gómez-Aguilar"
"2237224857","Kamal Shah"
"2844308","T. Abdeljawad"
"2048367100","Ruobing Li"
"2240523048","Changyi Lei"
"2261981650","Baiyang Shi"
"2203489393","Quanmin Zhu"
"2266521684","Xicai Yue"
"2829244","Deshan Meng"
"2232652605","Hezhen Xu"
"2176145385","Hejie Xu"
"2115411623","Huijie Sun"
"145461147","Bin Liang"
"2092337676","S. Nivetha"
"2287373203","H. Inbarani"
"11026937","A. Fekik"
"51234376","Mohamed Lamine Hamida"
"150076840","Dyhia Kais"
"2266932123","Hocine Khati"
"2901009","A. Bousbaine"
"9201777","H. Denoun"
"48469461","Nabanita Dutta"
"2649171","K. Palanisamy"
"49891896","P. Shanmugam"
"152491301","Umashankar Subramaniam"
"1965930377","S. Selvam"
"74313962","Nashwa Ahmad Kamal"
"2174260248","Farah Ayad Abdul-Majeed"
"9435321","Chakib Ben Njima"
"2211534633","Mohamed Tounsi"
"46256186","Zeeshan Anjum"
"51440709","Zhongze Cai"
"3159528","Qingshuang Zeng"
"32830770","Mian Bahadur Zada"
"2266525617","Haroon Rashid"
"2145966517","R. K. Ranjan"
"2247273522","Bharat Bhushan Sharma"
"2291527544","Xianglin Zhang"
"2291849647","Mingqiang Luo"
"2291686861","Simeng Guo"
"108351221","Zhiyang Cui"
"2242939938","Chen Qian"
"2264283485","Yongchun Fang"
"2243908298","Rui Chen"
"2211008434","Jifu Yan"
"2869185","Yiming Liang"
"2243362171","Tiefeng Li"
"81441008","Shanshuai Niu"
"2243288471","Junzheng Wang"
"94968401","Jiang-bo Zhao"
"2259104680","Wei Shen"
"66230713","Sahin Lale"
"2265517151","Yuanyuan Shi"
"2240791476","Guannan Qu"
"3371922","K. Azizzadenesheli"
"2279912457","Adam Wierman"
"2257161858","A. Anandkumar"
"2265116823","Chao Yang"
"2281680446","Liangcheng Nie"
"88599326","Chuanqiang Gao"
"2281672971","Dou Zihao"
"2143424956","Weiwei Zhang"
"2281678181","Xiong Neng"
"2288343827","Yang Zhu"
"2289004849","Meng Zhang"
"2260093767","Qi Jiang"
"2066450219","S. Chattopadhyay"
"2311222","V. Natarajan"
"2244010986","Sébastien Gros"
"1404060050","Eivind Bøhn"
"2202558480","Meroua Hamadou"
"2237501477","Khaled Belarbi"
"33175863","J. Sofrony"
"32045110","M. Turner"
"1820937489","B. S. Guevara"
"2261540605","Luis F. Recalde"
"2275724559","José Varela-Aldás"
"2261545873","Daniel Gandolfo"
"2490561","J. Toibero"
"49914268","Riccardo Busetto"
"8311291","V. Breschi"
"2267841721","Marco Forgione"
"2237800047","Dario Piga"
"2187408754","S. Formentin"
"2173708","S. Formentin"
"30598979","Youngjae Min"
"2109987266","Thomas Zhang"
"2114072662","Katie Kang"
"2110107119","Bruce Lee"
"1693894","C. Tomlin"
"1736651","S. Levine"
"1985955","Stephen Tu"
"1780876","N. Matni"
"2109816350","Yuhan Zhao"
"1709793","Quanyan Zhu"
"2107914318","Lidong Li"
"120408750","C. De Persis"
"1770381","P. Tesi"
"2815825","N. Monshizadeh"
"30095335","Achkan Salehi"
"2260961031","Steffen Rühl"
"1765955","S. Doncieux"
"1491104517","Junyoung Park"
"2133376851","Federico Berto"
"103218070","Arec L. Jamgochian"
"79262652","Mykel J. Kochenderfer"
"2085587","Jinkyoo Park"
"2152975939","Wei-Dong Zheng"
"2186808210","Yong Ye"
"2186789376","Hongbing Zang"
"2179441115","Leili Li"
"2143713466","X. Zheng"
"1768401","Hamed Rezaee"
"47718940","L. Renson"
"2070197958","M. Blyth"
"1384238944","K. Tsaneva-Atanasova"
"1883117","L. Marucci"
"2067070990","N. Alawad"
"2187485993","Ahmed S Alaraji"
"153476326","Jyotindra Narayan"
"46242540","H. Gritli"
"4225050","S. K. Dwivedy"
"2283005500","Prashanna Rangan R"
"2283013651","Ramesh Babu S"
"2279220266","Yuepeng Zhang"
"2278895232","Guangzhong Cao"
"2278971099","Linglong Li"
"2278936915","Dongfeng Diao"
"2164146267","Sahar Jenhani"
"2140716206","A. F. Mutlak"
"2257098862","Noor S. Mahmood"
"1411742508","Raaed S. Al-Azzawi"
"1410416763","A. Al-Jodah"
"2236698862","Lingzhou Yu"
"2236583905","Harun Leto"
"145383448","S. Bai"
"40895234","C. Auepanwiriyakul"
"1491142553","Sanchit Jhunjhunwala"
"47931433","Mohamed Abbas"
"2238972470","Zahraa Ali Waheed"
"2047412485","Zengjie Zhang"
"3051026","Fangzhou Liu"
"2111150252","Tong Liu"
"1735108","Jianbin Qiu"
"2148532314","M. Buss"
"2122996448","Yun Zhang"
"144258300","Hui Ma"
"2110980440","J. Xu"
"2088574196","H. Su"
"2155700881","Jing Zhang"
"2186514025","Zharaa A. Waheed"
"98853678","Shaymaa M. Mahdi"
"144531926","N. Q. Yousif"
"66842118","A. Oglah"
"1880187207","M. E. Sadiq"
"144139947","J. Yepes"
"21192793","Santiago Rúa"
"2071787705","Marisol Osorio"
"2756962","V. Pérez"
"2160514659","Jaime A. Moreno"
"1398416510","Adel Al-Jumaily"
"50534620","M. J. Betancur"
"7758609","A. Al-Obaidi"
"1401157673","A. Al-Araji"
"51448294","Yidi Teng"
"2470130","Shouzhao Sheng"
"2213812685","Yuqiao Zheng"
"2238722358","Zahraa S. Rahim"
"2140910979","W. Abed"
"2182456548","Zainab A. Ghafour"
"97856466","N. Yasin"
"2133093959","Harshvardhan Uppaluru"
"50190652","H. Rastgoftar"
"2085777241","Iván LÓPEZ-SÁNCHEZ"
"2132254401","Jerónimo Moyrón"
"1400782356","J. Moreno–Valenzuela"
"2242136589","Cheng Tan"
"2243332374","Qinglong Zhang"
"2242300150","Zhengqiang Zhang"
"2243405478","Hongtao Sun"
"2243650042","Weijun Yang"
"2278315380","Shizhuan Zou"
"2278581117","Liang Li"
"2112769146","Kai Huang"
"2242932113","Guanyu Lai"
"2142868647","Miaomiao Xu"
"2277183884","Ziqiang Zhang"
"50206864","Yihan Cao"
"2128818","Xiongzhu Bu"
"2277233693","Qiang Sun"
"2000505011","Zhichao Lyu"
"2267749673","Guangqiang Wu"
"2267689696","Qiming Wang"
"2268031749","Heqi Yan"
"2269020981","Jie Sun"
"2269018171","Yanan Chen"
"2219685724","Zhanshan Zhao"
"2228717907","Guangxin Guo"
"2260643779","Yinlong Hou"
"2260432366","Xiaoling Xu"
"2239556496","Ruixia Liu"
"2260494117","Xiangyun Bai"
"2261025946","Hui Liu"
"97851255","Jiakun Lei"
"143862442","T. Meng"
"2108301541","Weijia Wang"
"2173631698","Heng Li"
"2116816891","Z. Jin"
"38952862","Hao Zhang"
"2244624760","Peng Wang"
"2914033","G. Tang"
"7185056","Weimin Bao"
"2124629280","Chunli Zhang"
"2149326949","Xu Tian"
"2179322391","Yangjie Gao"
"2881739","F. Qian"
"2054148708","H. Zhuang"
"2109204959","Prabhjeet Singh"
"40106328","D. Giri"
"145061146","A. Ghosh"
"46447158","Xuefeng Zhang"
"2140407684","Qinglin Sun"
"2111434199","Zengqiang Chen"
"2152936722","Ruixia Liu"
"2053892637","Lei Xing"
"1890825","Hong Deng"
"2182285","Wei-chao Zhong"
"2216107244","Ilyas El wafi"
"49277685","M. Haloua"
"3017206","Z. Guennoun"
"153206260","Zakaria Moudden"
"145111960","Ming Liu"
"2119037063","Yan Shi"
"65783011","Junsuo Qu"
"2110133880","Lei Yan"
"2042273307","B. J. Eddine"
"2193205741","B. Elhassen"
"1592382661","K. Boulanouar"
"2146631159","Zhiye Zhao"
"1883762","Xiaozheng Jin"
"2184591331","Yanping Gao"
"2175515650","Shiyu Zhen"
"2144153468","Lihong Zhang"
"4561522","Zuojun Liu"
"2115386727","Lulu Chen"
"7769730","Zhenbao Liu"
"28004455","Qingqing Dang"
"2155577625","Wen Zhao"
"2107914028","G. Wang"
"2116124888","Xiaomin Chen"
"2112590790","Q. Sun"
"2068172879","Ruijie Sun"
"47230543","Zhou Zhou"
"2664250","Xiaoping Zhu"
"2118508706","Chaojie Zhu"
"2222987","Jicheng Chen"
"1561587870","Hui Zhang"
"2129909182","Noorulden Basil"
"67261735","Hamzah M. Marhoon"
"2108341039","Jiashuai Liu"
"2108251927","Xi Wang"
"2110720245","Xi Liu"
"103709758","Meiyin Zhu"
"104290151","Xitong Pei"
"3074392","Zhihong Dan"
"2108964255","Song Zhang"
"51432711","Y. You"
"2205336954","Zhuoying Chen"
"3513587","Huiping Li"
"2145504203","Huaimin Chen"
"38804153","Shaobo Zhou"
"2214902247","Quanwen Hu"
"48307352","Bin Xi"
"2054064315","Lingling Chu"
"145960787","F. Gu"
"2114714263","Xintian Du"
"2112122715","Mingxi Zhang"
"2145021452","Yuqing He"
"2118431380","Changlong Chen"
"2202980118","HO Weng Khuen"
"2164412101","N. Kuznetsov"
"2533489","B. Andrievsky"
"5009186","E. Kudryashova"
"49870267","O. Kuznetsova"
"2195148080","Yaseen Kh. Yaseen"
"2168148325","M. R. Subhi"
"1417425457","A. Rakan"
"2289592799","Hameed A. Mohammed"
"150904362","Alaq F. Hasan"
"2095913732","N. Al-Shamaa"
"2264904120","Suha S. Husain"
"1409267833","Ayad Al-dujaili"
"1411340934","L. T. Rasheed"
"2264334523","R. A. Mahmod"
"2150245737","E. K. Hamza"
"2226823608","N. M. Noaman"
"2264113635","Hayder Alrikabi"
"2264114013","Ahmed Alrikabi"
"2056853058","Aws Alazawi"
"2215654198","Zheng Qiao"
"2152688291","Dong Wang"
"2215687425","Jiahui Xu"
"117323075","Xi Pei"
"2215655269","Wei Su"
"2215701385","Dong Wang"
"144326451","Yue Bai"
"2108127909","Yunfeng Zhang"
"2158502064","Peng Chen"
"2110365535","Jianhong Wang"
"2182772517","Farah Ayad Abdulmajeed"
"1409118051","R. Ramírez-Mendoza"
"2120316459","Reinier López Ahuar"
"2101187033","A. L. Cedeño"
"118506820","M. Olivares"
"40648779","J. C. Agüero"
"145179289","César A. Silva"
"2144221936","Hao Wang"
"2090357343","Shanfei Su"
"2090405421","Xizhi Qiu"
"2117874842","Yu Liang"
"2149668025","Peng Yu"
"2136113404","Xiaowen Shan"
"1557398146","S. Saidi"
"3117762","R. Mellah"
"1412767645","W. Abdul-Adheem"
"3056512","Rami A. Maher"
"98475064","A. Abdulkareem"
"1412512591","Arif A. Al-Qassar"
"2128400594","A. R. Nasser"
"2164802047","Het Joshi"
"31012220","N. K. Sinha"
"2284643087","Wen Li"
"2280195125","Shuang Shi"
"2284639971","Mou Chen"
"1763324","Qingxian Wu"
"2282076105","Ena Sundquist"
"2282076692","Carey Whitehair"
"1744642","K. Morgansen"
"152264013","Tianyi He"
"48682748","W. Su"
"145267498","M. Mohamed"
"2074969985","Mostafa Hussien"
"9723454","M. Abozied"
"2200718","Y. Elhalwagy"
"2144931831","Da Lyu"
"2145409634","Shiyu Zhang"
"2146089265","Lining Zhao"
"2145806597","Junbo Zhao"
"9116726","Haoqin Su"
"2117951047","Zhidan Liu"
"2118797712","Y. Huang"
"37652610","Linfeng Gou"
"2054268863","Ding Fan"
"2181322470","Zijie Qin"
"2129479112","Kun Liu"
"2108887123","Xi Zhao"
"31230324","I. Ostroumov"
"30702899","N. Kuzmenko"
"143905787","Shen Qu"
"34489452","Guoming Zhu"
"2201897","S. Swei"
"28120783","M. Hashimoto"
"2142254956","Tao Zeng"
"2115408141","Jian-feng Tan"
"2153514798","Yanfei Dong"
"34346728","Pengyuan Shao"
"2146159517","Gaomin Qu"
"2357827","G. Ducard"
"1585668912","Mike Allenspach"
"143794148","W. Johnson"
"2157881653","C. Silva"
"49536866","M. Pavel"
"2241179055","Pan Zhao"
"2244784766","Naira Hovakimyana"
"2134297","C. Cao"
"2290615693","Hengrui Li"
"2290908632","Xichun Shi"
"21120297","Bintao Wu"
"2290550015","Diego Raimondi Corradi"
"2962598","Z. Pan"
"2254879316","Huijun Li"
"2282593480","Panagiotis Stavropoulos"
"1990710461","K. Sabatakakis"
"2257059511","Tao Shen"
"2165247903","Bo Li"
"145063564","Gengxiang Chen"
"2201624163","Yingguang Li"
"30268445","Xu Liu"
"1403376232","C. Mehdi-Souzani"
"2151173005","Qinglu Meng"
"2145786432","Jing Zhou"
"66502569","Xiaozhong Hao"
"2238438871","Siyuan Wang"
"2238300452","Jiugang Lei"
"2238241055","Shan Hu"
"2238308789","Guxiu Tang"
"2238269069","Zhen Chen"
"2238445331","Weiwei Yang"
"2238389156","Yufeng Liu"
"2238277710","Guofan Zhang"
"2141688836","Haochen Mu"
"2065070259","Fengyang He"
"40152708","Lijuan Yuan"
"31374019","P. Commins"
"1643267441","Hongmin Wang"
"3246153","D. Mourtzis"
"82828785","Aakif Anjum"
"100905841","A. A. Shaikh"
"46887614","N. Tiwari"
"30955230","A. Baroutaji"
"89782735","A. Arjunan"
"103976830","J. Beal"
"150158920","J. Robinson"
"2086205950","J. Coroado"
"89121677","Xin Liu"
"145111333","Du Jiang"
"1931096113","Bo Tao"
"2064383774","Feng Xiang"
"2084533808","Guozhang Jiang"
"1707882","Ying Sun"
"2124602","Jianyi Kong"
"2804997","Gongfa Li"
"2109277096","Heli Liu"
"2209145969","Dhawan Saksham"
"2208997672","Merrill Shen"
"2209387420","Kangan Chen"
"2209099037","Vincent Wu"
"6424656","Liliang Wang"
"1419623606","A. Rossi"
"1409211108","M. Moretti"
"47476390","N. Senin"
"98351258","Panagis Foteinopoulos"
"2096006511","J. Stavridis"
"70505475","H. Bikas"
"2199958379","Valentina Bugueño"
"144480553","Karina A. Barbosa"
"49654099","S. Rajendran"
"1889519","M. Díaz"
"2149662011","Weijun Shen"
"2115902723","Xuepeng Jiang"
"2156120774","Zhan Zhang"
"1403115893","Gül E. Okudan-Kremer"
"97824871","H. Qin"
"2072956759","Wenjie Jia"
"2158629450","W. Wang"
"2468581","Zhenliang Zhang"
"2114236772","Minglan Xiong"
"2108979650","Huawei Wang"
"100570345","G. Dyck"
"121635693","Erica Hawley"
"2155042145","Kurt Hildebrand"
"40515766","J. Paliwal"
"2857053","Fuwen Hu"
"89523351","J. Osho"
"2140906853","Anna Hyre"
"2147156561","Minas Pantelidakis"
"1489229822","Allison R. Ledford"
"27350435","Gregory A. Harris"
"39280862","Jia Liu"
"3119092","K. Mykoniatis"
"13320652","V. Panagiotopoulou"
"12860254","S. Portanguen"
"12593307","P. Tournayre"
"2153142947","Paul Gibert"
"2153014426","Selma Leonardi"
"4141572","T. Astruc"
"122774412","P. Mirade"
"2150625426","Aixin Feng"
"97913910","Chun-Sung Chen"
"2151101497","C. Wu"
"2157966873","Yanpeng Wei"
"2153606533","Yu Wang"
"20702131","R. Kazala"
"73054708","Sławomir Luściński"
"67296295","P. Strączyński"
"8010752","A. Taneva"
"2144983376","Mehdi Kherbache"
"2136070","M. Maimour"
"3959591","É. Rondeau"
"2067372946","Nuno Araújo"
"1723351541","Vânia Pacheco"
"2112776947","L. Costa"
"2227299","Jan Reschke"
"2139611978","Diego Gallego-García"
"1416696674","Sergio Gallego-García"
"2062982370","M. García-García"
"2132393769","Alexios Papapacharalampopoulos"
"2041295856","G. Sampedro"
"2220904386","Made Adi Paramartha Putra"
"51246731","Mideth B. Abisado"
"2918118","K. Alexopoulos"
"2867415","N. Nikolakis"
"2233625533","Emmanouil Bakopoulos"
"1729569038","Vasilis Siatras"
"2233626695","Panagiotis Mavrothalassitis"
"2099511804","Nikolaos Nikolakisa"
"2180749741","George Siaterlisa"
"2180738685","Xanthi Bampoulaa"
"2180747147","Ilias Papadopoulosa"
"2180738553","Thodoris Tsoukaladelisa"
"2104175121","Kosmas Alexopoulosa"
"113048883","Yuemin Zheng"
"2267816114","Zelin Fei"
"144333721","Jin Tao"
"2038341672","Hao Sun"
"2241096528","Zengqiang Chen"
"1909143","Mingwei Sun"
"2276252039","O. O. Vambol"
"2276241209","I. V. Kaluzhynov"
"2276252212","K. P. Barakhov"
"2276252645","A. V. Kondratiev"
"2140407825","Qinglin Sun"
"1742448834","Guangming Xie"
"2146517226","Bing Xiao"
"2145675462","Lingwei Li"
"2145422186","Zengqiang Chen"
"2068455046","Feng Duan"
"153585881","Haitao Gao"
"2181682048","Lei Feng"
"2152765081","Yichen Han"
"2109425376","Xiaoran Chen"
"49297111","Li Yu"
"1792351","M. Dehmer"
"93158406","B. Xiao"
"2139250266","K. Merve Dogan"
"2249603640","Anh-Minh Duc Tran"
"2249603415","Tri-Vien Vu"
"2249571993","Quang-Dung Nguyen"
"52134561","Rafiq Asghar"
"3157005","M. Sulaiman"
"2057626680","S. Saeed"
"2212418141","Hamid Wadood"
"101686462","Taimoor Khan Mehmand"
"70465797","Z. Ullah"
"12585948","P. Evald"
"40867341","G. Hollweg"
"2152849327","Yanjun Yu"
"5983293","Chengfei Yue"
"2150357341","Chaoyong Li"
"2136562987","Huayi Li"
"2507051","Xibin Cao"
"2186385625","Ihab F. Tayyeh"
"1965927884","Muhammad Maaruf"
"1748506","M. Mahmoud"
"1395269899","A. Ma’arif"
"2160992047","Pornprasit Boonthong"
"9449926","Arthit Yooyen"
"2089922878","Ratna Aisuwarya"
"2143248756","I. Saputra"
"2029356670","Dodon Yendri"
"2203625279","Sebastian Comeaux"
"3407938","Namhoon Cho"
"2291648666","Seokwon Lee"
"2275743732","Hyo-Sang Shin"
"1646599422","Yousef Seifouripour"
"2289305176","Hadi Nobahari"
"49928871","A. De Marco"
"2229431107","Paolo Maria D’Onza"
"5158057","Sabato Manfredi"
"1575990279","S. Hosseini"
"2222150586","Cedric Inga"
"72606039","Georges Ghazi"
"1971314","R. Botez"
"1476814392","Abdul Sattar"
"49680564","Liuping Wang"
"87499850","Shahzeb Ansari"
"1476820637","Ayaz Ahmed Hoshu"
"2167413467","Shah Khalid Khan"
"1664247949","A. Pal"
"3176931","T. Nestorović"
"1381926715","Fanlin Jia"
"2144794814","Jie Huang"
"145715828","Xiao He"
"81817332","De-Young Huang"
"14387783","Tianpeng Huang"
"50441258","N. Qin"
"2154875007","Yanan Li"
"2146265291","Yong Yang"
"2188587","Baris E. Perk"
"2287691103","Ebubekir Kökçam"
"2287233253","Nusret Tan"
"2270352951","Henrik Madsen"
"2241826907","Georgios Tsaousoglou"
"2270668624","Tobias K. S. Ritschel"
"1764675","I. Kolmanovsky"
"144566889","Xin Hu"
"48814047","Q. Gong"
"2120494261","Yao Teng"
"3139869","Makan Zamanipour"
"2838691","I. Küçükdemiral"
"31644805","Hakan Yazici"
"2174871263","Ridhwan Rani"
"2174891285","Munirah Ahmad Azraai"
"2057097943","Raja Mariatul Qibtiah"
"2284350794","Abd. Halim Zakaria"
"2284350718","Muhammad bin Mohamed Salleh"
"120968008","Ruijun Zhang"
"9456896","Wanzhong Zhao"
"2201456188","Chunyan Wang"
"48208871","Jiming Lin"
"90458976","T. Zou"
"2163134463","Liang Su"
"143949776","Feng Zhang"
"2144290444","Yong Zhang"
"2112620852","Meng Dang"
"47424067","Chuanwei Zhang"
"2109536982","Zhi Yang"
"2054393176","B. Chang"
"2144511855","Jianlong Wang"
"100678713","D. Ao"
"48692831","P. Wong"
"2152490792","Wei Huang"
"1829149844","Tingting Wang"
"2145368202","Mengjian Wang"
"2118027745","Xia Li"
"2881029","Dongchen Qin"
"2066051829","Mojtaba Ranjbar"
"1915689","M. Mikaeili"
"9690856","A. K. Banaraki"
"2108040937","Lina Zhang"
"2109877579","Li Ma"
"2118435009","Shanglou Chen"
"2154169956","Chen Yang"
"37505929","Yuanqing Xia"
"15418387","Chen Yang"
"2118157106","Wanze Lu"
"39575005","Yuan-you Xia"
"49312046","Roberto Rocchetta"
"2117205937","Qi Gao"
"143719774","M. Petkovic"
"2145200621","Xiaoyun Sun"
"47835072","Qiang Shen"
"150310858","Shufan Wu"
"2238311390","Qiang Shen"
"2237403684","Shufan Wu"
"2109542599","Xinkai Chen"
"2244014311","Mahsa Kashani"
"32052522","Stefan Jespersen"
"2258718135","Zhenyu Yang"
"2154170378","Chenguang Yang"
"5136757","S. Ge"
"50536368","Danhong Chen"
"152609548","Yunfei Peng"
"2054046799","T. Tian"
"47113333","Xiaorong Hou"
"2067809254","Fang Yan"
"2239284706","Lingling Lv"
"2284311459","Renyi Chen"
"2239159661","Xinyang Liu"
"2239384630","Hong Jiang"
"2239230300","Guangren Duan"
"30977084","E. Mattos"
"104415740","L. Borin"
"3135718","V. Montagner"
"1453473167","John K. Zelina"
"9525999","Richard Prazenica"
"38649261","H. Issa"
"9278767","J. Tar"
"2288526379","Álan C. e Sousa"
"2216463","Walter Lúcia"
"2262034765","Valter J. S. Leite"
"50567367","Luís F. P. Silva"
"3321745","R. Makam"
"144828287","K. George"
"51901235","Mohamad T. Shahab"
"152724735","Daniel E. Miller"
"49037296","E. Dahlquist"
"118376931","Moksadur Rahman"
"6836294","J. Skvaril"
"72110886","K. Kyprianidis"
"2288106191","Ieee K. Merve Dogan Member"
"2288101835","Ieee Tansel Yucelen Senior Member"
"3277894","A. T. Koru"
"2288104228","K. Merve"
"2288106119","Dogan Merve Dogan"
"33288380","Valter J. S. Leite"
"40653599","M. F. Miranda"
"48393130","A. Sultangazin"
"19336899","Luigi Pannocchi"
"1686070","C. D. Persis"
"1679966269","D. Gadginmath"
"2476273","F. Pasqualetti"
"2057593137","Karthik Shenoy"
"37072537","Akshit Saradagi"
"30891681","R. Pasumarthy"
"1802995","V. Chellaboina"
"18939234","Udayan Banerjee"
"2243008720","Indra Narayan Kar"
"2614693","S. Saha"
"2111217876","Zhongjie Hu"
"31896097","Vishaal Krishnan"
"2184749","Meichen Guo"
"87833975","M. Alsalti"
"104298187","V. Lopez"
"47041142","J. Berberich"
"144295691","F. Allgöwer"
"4066621","M. Müller"
"2111961150","Matteo Marchi"
"47269108","Ali Salamati"
"19173303","Abolfazl Lavaei"
"47567935","S. Soudjani"
"144185688","Majid Zamani"
"51501289","Danylo Malyuta"
"2117163285","Yue Yu"
"36407442","Purnanand Elango"
"2991808","Behçet Açikmese"
"35692800","Monica Rotulo"
"2226694570","And LUCAS FRAILE"
"3401483","H. V. Waarde"
"2166951","M. Camlibel"
"1381644231","A. Bisoffi"
"2110342359","Andrew J. Taylor"
"7232008","Victor D. Dorobantu"
"2046181102","Yisong Yue"
"6386345","A. Ames"
"1774294","C. Ebenbauer"
"1994179258","F. Pfitz"
"1991942","Shuyou Yu"
"1775285","H. Trentelman"
"50992020","H. J. van Waarde"
"123852747","Kanat M. Camlibel"
"1778153","M. Mesbahi"
"1489263660","William D'Amico"
"1731993","M. Farina"
"9006953","N. Jahanshahi"
"2267936319","Majid Zamani"
"2141517820","Sadegh Soudjani"
"2606276","T. Guesmi"
"46194063","B. Alshammari"
"2032795","Yosra Welhazi"
"9431490","H. Hadj Abdallah"
"3102816","A. Toumi"
"32237718","S. Balakrishnan"
"79703814","Omid Elhaki"
"145062722","Khoshnam Shojaei"
"1696096","M. Lovera"
"2131425130","Atsede G. Gebremedhin"
"1839588","Y. Fujisaki"
"2145354460","Siyuan Zhang"
"2064595811","Hong Nie"
"2109208001","Yu-zhen Ma"
"2105730702","Mingming Guo"
"2143700384","Ye Tian"
"2244485627","Jialing Le"
"2266282242","C.L. Xue"
"2164571270","Yongran Zhi"
"51951396","Binghe An"
"2266111763","Lei Liu"
"2238132061","H. Fan"
"1935021620","Bo Wang"
"2144452408","Jian Huang"
"115460906","Tianyi Wang"
"12265108","Guan Wang"
"98911611","Z. Song"
"35143911","Z. Yin"
"2223513494","Mohamed Zaghloul-El Masry"
"2223402573","Abdallah Mohammed"
"2213632","F. Amer"
"35940569","Roaa I. Mubarak"
"1388520886","Senthilkumar Selvaraj"
"2112049977","M. V."
"2130157459","D. R"
"2212958484","Nuthal Srinivasan M."
"1753315133","T. S. Kumar"
"51302336","Sudhakar Babu Thanikanti"
"2189175699","P. N"
"152808770","Preeti Verma"
"145277119","A. Alam"
"2675723","A. Sarwar"
"8597433","M. Tariq"
"1798075","H. Vahedi"
"1515047391","Deeksha Gupta"
"152985120","Shafiq Ahmad"
"2140836923","Adamali Shah Noor Mohamed"
"2185730357","Lin Xu"
"37287113","Kaiyu Qin"
"144764427","Yang Zhu"
"2108712235","Weihao Li"
"3058755","Mengji Shi"
"2148999106","Muhammad Zia Ur Rahman"
"153205078","M. Riaz"
"2254037808","M. M. S. Al Mahmud"
"49749293","M. Rizwan"
"2385671","M. Choudhry"
"30807260","M. Aidoud"
"1401826008","V. Feliu-Batlle"
"3492614","A. Sebbagh"
"2593380","M. Sedraoui"
"1449706082","G. De Matteis"
"2260795582","Domenico Trotta"
"2122859333","J. P. Belletti Araque"
"2269717986","Jiayu Wen"
"2266777612","Yanguo Song"
"2144232534","Huanjin Wang"
"2269467374","Dong Han"
"2266554783","Changfa Yang"
"2281885700","Irene M. Gregory"
"2148743796","Hari S. Ilangovan"
"2281889317","Shivakumar I. Ranganathan"
"2227134139","Gokul Puthumanaillam"
"2281885825","Yuvraj Mamik"
"1814528","Melkior Ornik"
"32639637","Ayoosh Bansal"
"2269760247","Yang Zhao"
"2269751447","James Zhu"
"2275855656","Sheng Cheng"
"2262199762","Yuliang Gu"
"2113736289","Hyung-Jin Yoon"
"153761761","Hunmin Kim"
"2269734346","Lui Sha"
"113020763","G. Altamirano"
"96067771","Carlos A. Malpica"
"3048281","S. Schuet"
"2171740944","Mason B. Peterson"
"1762477","R. Beard"
"151068101","Jacob B. Willis"
"2148743662","Sarkis S. Mikaelian"
"2042375902","Jacob Cook"
"145163287","A. Zolotas"
"103748335","G. Vinco"
"144973885","O. Sename"
"49138095","G. Strub"
"143962137","D. Han"
"2181029480","Chuanjun Li"
"2185495044","Carlos Alcolea Pérez"
"3401685","F. Seve"
"9508344","L. Goerig"
"2165119279","Arinc Tutku Altun"
"48615144","Yan Xu"
"2165121247","Michael W. Hardt"
"19248936","Barış Başpınar"
"2118039387","Yan Xu"
"2134885308","Nandith Narayan"
"2133874725","Parth Ganeriwala"
"153788834","Randolph M. Jones"
"2252103","M. Matessa"
"2075305258","S. Bhattacharyya"
"2110787953","Jennifer Davis"
"7147418","Hemant Purohit"
"2218269629","Simone Fulvio Rollini"
"94498030","Vanessa V. Aubuchon"
"3588170","R. Shively"
"2071256474","J. Wishart"
"2005598251","Alex Oshin"
"2148697851","Matthew D. Houghton"
"1751063","Evangelos A. Theodorou"
"4766090","S. Bhattacharyya"
"46549091","Jennifer A. Davis"
"2110761762","Anubhav Gupta"
"2219021","P. Buning"
"69498597","P. Cureton"
"2058229754","S. V. van Huis"
"2254605654","Didier Daniel Wagner"
"2254586663","Martin Henrion"
"2254593347","Hromčík"
"2242458642","D. Henrion"
"2254597150","Martin Hromˇc´ık"
"52137323","Andres Cotorruelo"
"1719423","E. Garone"
"3103606","D. Ramírez"
"1700852","D. Limón"
"1945497","Mirko Leomanni"
"2202315326","Francesco Ferrante"
"2148715978","Agnese Monarca"
"2324222","Atul Katiyar"
"144950174","S. Roy"
"1791277","S. Bhasin"
"145620436","Alexander L. Fradkov"
"1417029368","Amin Vahidi-Moghaddam"
"9141797","Majid Mazouchi"
"2204634","H. Modares"
"120746852","S. A. Islam"
"46246276","T. Nguyen"
"145374841","D. Bernstein"
"2137978684","Han Bao"
"2040002","Bifeng Song"
"50741050","Wenqing Yang"
"35317671","J. Xuan"
"152798330","Dong-yang Xue"
"2160592","Jason O. Burkholder"
"2064608956","G. Tao"
"2867436","M. Pakmehr"
"47634490","V. Petrov"
"2244300702","Dapeng Yang"
"2201036637","Jianwen Zang"
"46701382","Jun Liu"
"49599939","Kai Liu"
"21100178","Junfang Fan"
"2187592510","Denghui Dou"
"2114169351","Yi Ji"
"2087010586","Ning Liu"
"2120826667","Shi-wei Chen"
"2212569581","Huajie Yan"
"2145466263","Junxian Li"
"1572495985","David B. Hatke"
"47911943","Rosemary Weinstein"
"72655192","Ronald C. Busan"
"73534036","Stephen E. Riddick"
"103634587","H. Behrouz"
"9336195","I. Mohammadzaman"
"2153609409","Yu Wang"
"5442197","Jiyan Yu"
"2133251942","Xiaoming Wang"
"2086311110","Jia Fangxiu"
"101395745","Joseph D. Vasile"
"49779112","F. Fresconi"
"2064609386","Chengkun Lv"
"2217339966","Jun-tao Chang"
"145472868","W. Bao"
"2107426662","D. Yu"
"2110751527","Xiaofeng Liu"
"2144165491","Liming Zhang"
"31377874","C. Luo"
"2054107756","M. Pal"
"2240862636","Tamal Roy"
"9124849","R. K. Barai"
"70621259","R. B. Gezer"
"2282880222","A. B. Alan"
"2922786","A. T. Kutay"
"2282637779","Melin Sahin"
"2260504921","Yang San"
"2099191265","Yu Hui"
"2238255810","Kaiquan Cai"
"2056697592","Deyuan Meng"
"2243362088","Zihan Li"
"2165601304","Dong Shen"
"1685858","F. Mazenc"
"145004352","S. Niculescu"
"2110427386","Yuru Li"
"2148954913","Fei Wang"
"41191917","Zhaowen Zheng"
"2265012","Corina Barbalata"
"144073377","Zhong-Ping Jiang"
"145862828","J. Gallegos"
"1398772539","M. Duarte-Mermoud"
"46413411","Xiaohua Zeng"
"2144192022","Hongxu Chen"
"8065748","D. Song"
"2052274637","Chen Cui"
"40360182","Lei Yang"
"9322872","Chuansheng Tang"
"2118579988","Jie Yang"
"2110484249","Yongxin Li"
"2149199659","Tao Li"
"2187705781","Haiou Zhao"
"150345455","Xianfu Zhang"
"2054266844","Debao Fan"
"6334586","Qingrong Liu"
"3288723","H. Yue"
"2165720028","Chunmei Gong"
"101488100","Qijia Yao"
"50443926","Kunming Zheng"
"2144098885","Qiuju Zhang"
"66482505","Shuisheng Zeng"
"2081402944","Chanin Songchon"
"143859585","G. Wright"
"101231366","L. Beevers"
"2107998149","Yan Wei"
"2767626","P. Zhou"
"2113723420","W. Xie"
"2220587917","Jiwei Tang"
"47555405","D. Duan"
"31191058","Hamou Ait Abbas"
"2029805","M. Hou"
"1380177214","Mingrui Hao"
"2211019857","Nourddine Ghelem"
"2100804982","D. Boudana"
"50448142","O. Bouchhida"
"2106533138","M. Bi̇li̇ci̇"
"10067170","M. Karali"
"2149066705","Ktaf"
"2149066703","Gni"
"2149066701","Hewa"
"2072692550","Ri"
"2149067172","Untoro"
"2149067964","Riyambodo"
"2149067170","Ris"
"2149068281","Asuha"
"2079531078","Asir"
"2149068942","Ohd"
"2149068939","Ustafah"
"2108879798","Roushan Kumar"
"2184808592","Mukul Kumar Gupta"
"48823005","Adesh Kumar"
"9198696","Paawan Sharma"
"2196945393","Rajesh Deorari"
"4263131","N. Gupta"
"153872228","D. Bharadwaj"
"118306735","Durga Dutt"
"2066733276","Abhishek S. Joshi"
"40619127","J. Steck"
"2155468197","Wei Zhang"
"2004639459","Ronggang Gao"
"2165957806","Jun Cheng"
"2145440781","Wan Chen"
"2220588830","Yuanjia Song"
"144137607","Daxiong Liao"
"1729335771","Ángel Hernández-Gómez"
"2053375135","Víctor M. Ramírez"
"2097063","Belem Saldivar"
"143936790","Alex S. C. Leong"
"6400205","A. Skvortsov"
"46478808","Mohammad Zamani"
"2426480","I. Shames"
"1736534","Wei-min Zheng"
"2152355959","Ning Liu"
"1450701603","Qing-Wei Chai"
"1716932","S. Chu"
"27968756","T. Henderson"
"2229988121","Miguel Nakajima Marques"
"148087300","S. Magalhães"
"2278022597","Filipe Neves dos Santos"
"2074013684","H. Mendonça"
"2061160736","James Reed"
"102607082","Andrew Abney"
"2065895313","K. Mishra"
"143968868","Kartik Naik"
"2062950334","E. Perkins"
"48670721","C. Vermillion"
"2054110518","Nikolaus Vertovec"
"1403344802","S. Ober-Blöbaum"
"3033115","Kostas Margellos"
"31002321","Filippo Trevisi"
"2143146928","I. Castro-Fernández"
"2188297222","Gregorio Pasquinelli"
"1642395009","C. Riboldi"
"31762077","A. Croce"
"9149101","M. Kakavand"
"2939191","A. Nikoobin"
"2194404749","Tareg Mohammed"
"2074369","L. Fagiano"
"1419514165","Dylan Eijkelhof"
"38338224","Mitchell Cobb"
"97528687","Joshua Daniels"
"100846637","Ayaz Siddiqui"
"152312695","Maxwell J. Wu"
"2782126","H. Fathy"
"143787350","K. Barton"
"35506058","A. Uppal"
"145760108","M. Fernandes"
"90865897","S. Vinha"
"1880238","F. Fontes"
"1381930644","J. De Schutter"
"1694268","M. Diehl"
"2130188642","Andrea Berra"
"2079394421","Lora Ouroumova"
"80093946","D. Witte"
"2079393401","B. Klootwijk"
"2079394202","Esm'ee Terwindt"
"2079395475","Francesca van Marion"
"2079394204","Dmitrij Mordasov"
"116743177","F. Vargas"
"2079394424","Siri Heidweiller"
"2079393407","M'arton G'eczi"
"2097237011","Marcel Kempers"
"52131942","R. Leuthold"
"2108933747","Roy S. Smith"
"1733490","Tony A. Wood"
"3116986","D. Olinger"
"1716254","M. Demetriou"
"90638944","Urban Fasel"
"97155219","M. Gaunaa"
"101659037","Davide Todeschini"
"1381383914","Claudio Micheli"
"102585544","Aldo Cattano"
"147587749","Mostafa A. Rushdi"
"3027937","A. Rushdi"
"22181946","Tarek N. Dief"
"101142463","A. M. Halawa"
"145949227","S. Yoshida"
"2257246102","Ahmed A. Hussein"
"2257226102","Shigeo Yoshida"
"2143266508","Chris Vermillion"
"40897971","Kairong Duan"
"2118897547","Yi Shi"
"2113723129","W. Xie"
"2292216300","Xu-Cheng Yin"
"2291714106","C.L. Philip Chen"
"2261544532","Aleksandr Andreev"
"66961853","Katherine Sutyrkina"
"1476824299","Lubov V. Kolegova"
"150352767","Yangchun Wei"
"38418995","Yang Tian"
"152987460","Yimeng Fu"
"2155798676","Xiao-jun Zhou"
"153337933","Bowen Wan"
"2145180846","Xuefeng Yang"
"2127368113","Salah Eddine Halledj"
"5606053","A. Bouafassa"
"2248010645","Kamal Shah"
"2265266023","Israr Ahmad"
"2278422871","Shafiullah"
"2313403","A. Mukheimer"
"2240278431","Th. Abdeljawad"
"2047187343","M. B. Jeelani"
"80367829","Javad Keighobadi"
"48748548","M. Fateh"
"145764891","Bo Xu"
"51923198","Gholamreza Nazmara"
"102309532","Bing-Tuan Gao"
"2117226668","Wei Shen"
"2142040556","Hao Guan"
"2155470607","Wei Zhang"
"48026558","Lin Zheng"
"2115756654","Jie Jin"
"1410028038","Jing Zhu"
"49608483","Lv Zhao"
"2169565682","Lei Chen"
"2169589378","Long Chen"
"2004246648","Jianqiang Gong"
"153787366","P. Selvaraj"
"1679879","O. Kwon"
"2139668697","S.H. Lee"
"1738130","R. Sakthivel"
"2110350300","Pan Zhang"
"2096140","X. Lai"
"11044022","Yawu Wang"
"145191971","Min Wu"
"94846822","H. Jadoon"
"2002541","Deqing Huang"
"1992767885","Zifeng Gong"
"2143977371","Jie Gao"
"31476295","Erlong Kang"
"48692318","W. He"
"13903617","H. Qiao"
"71062692","Bing-xu Zhou"
"2108730372","Liang Yang"
"2108708972","Chengdong Wang"
"2115838008","Yong Chen"
"2420711","Kairui Chen"
"1691782","J. Fei"
"2108194063","Zhe Wang"
"79784265","X. Liang"
"35721832","Aneel Ahmed"
"1814621253","Ismail Mansoor"
"35674371","Faraz Junejo"
"39948422","Atif Saeed"
"97866433","Bae-Jeong Park"
"151173209","P. Pham"
"145095308","K. Hong"
"2128201574","Zhen Zhang"
"46868219","Yewei Zhang"
"49441105","H. Ding"
"2068910096","Y. Ge"
"2155701146","Jing Zhang"
"2155613928","Gaoran Wang"
"2153198826","Weiwei Sun"
"2108659718","Shuqing Wang"
"2132184115","Samer Shaghoury"
"144303180","M. Krstić"
"1733335","V. Deshpande"
"1741984","Youmin Zhang"
"47644980","T. Berger"
"40641174","M. Tischler"
"69911871","S. G. Hagerott"
"11918567","M. C. Cotting"
"2056740443","W. Gray"
"18166165","Si-Xin Wen"
"48513806","Yan Li"
"143755577","Xian Du"
"145880060","Ximing Sun"
"2111039083","Xiao-Yu Liu"
"2036993862","Deniz Kurtoglu"
"22417607","Dzung Tran"
"2508981","D. Casbeer"
"144824548","Eloy García"
"2185324519","Selahattin Burak Sarslmaz"
"2165612218","M. N. Naleini"
"2046499305","M. Moradi"
"29883295","B. Safarinejadian"
"2161379883","MH Shafiei"
"2116585702","Sarah H. Q. Li"
"113935304","John Borek"
"97567344","Sumedh Beknalkar"
"46174714","A. Mazzoleni"
"94556177","Kartiki S. Naik"
"2154709951","Manuel C. R. M. Fernandes"
"51088285","L. T. Paiva"
"7256081","P. Tiso"
"89966239","Dominic Keidel"
"2752546","P. Ermanni"
"46874102","Kenneth Granlund"
"2047396196","Laura Barros Cordeiro Peçanha"
"2047388419","Natalia de Souza Barbosa Oliveira"
"1573052981","Wagner Viana Bretas"
"2061159988","J. Reed"
"88876805","G. Molinari"
"1688033","C. Hackl"
"2141668","C. Baniotopoulos"
"2219889295","Sérgio Vinha Luís"
"2167793944","T. Paiva"
"50285721","M. Muglia"
"2280438005","James Reed"
"2280760247","Michael Muglia"
"2267108236","Christopher Vermillion"
"143836180","P. González"
"40953510","M. F. V. Pereira"
"9966584","Z. Pang"
"145170125","C. Cesnik"
"1392198096","A. P. Perroni"
"98358071","F. Bussamra"
"2237874661","Nailong Wu"
"2244310300","Tianming Gao"
"2244599471","Meng Wang"
"2244421744","Kunpeng Gao"
"2244291313","Jie Qi"
"2125088468","Xinyuan Chen"
"2238322007","Yueying Wang"
"2244245001","Zhiguang Feng"
"9350120","Shaonan Chen"
"2114124287","Haodong Yuan"
"46315678","Jie Qi"
"47905599","Yue-ying Wang"
"2118492219","Yu Jiang"
"2152527913","Minghao Zhao"
"2128077758","Chong Wang"
"66288759","Fenglin Wei"
"2148896317","Kai Wang"
"2072590105","Hong Qi"
"143711381","Dalei Song"
"2155686911","Lin Li"
"2146408342","Changbin Wang"
"152431156","Renyu Hou"
"2109663598","Chong Li"
"2271438672","A. A. Jaber"
"2109127357","Yunpeng Sun"
"9087210","Y. Lan"
"2150069386","Xiaolei Shi"
"2266142537","Zelai Xu"
"2150496103","Cheng Lei"
"2267030677","Xiuping Wang"
"2267183209","Zhipeng Dong"
"31947024","C. Qu"
"2263082585","Nan Wang"
"2262835433","Yan Li"
"2267076835","Hai Wang"
"10192900","V. Šmídl"
"66903454","Antonín Glac"
"3138551","Z. Peroutka"
"2016279740","A. F. Ghaleb"
"2141510311","J. Jiang"
"2663093","Leping Wang"
"2108554423","Mingyu Wang"
"9188128","Xiubing Jing"
"2153612838","Heng Li"
"2340739","Xiaogong Lin"
"51436036","Anzuo Jiang"
"2158473254","Chonglang Lai"
"38292399","S. Kadhim"
"1742435088","Ahmed Sharhan Gataa"
"2145990070","Ibaheem K Ibraheem"
"120083806","Hong-Yan Jin"
"150345465","Xi-mei Zhao"
"2118916253","Tianhe Wang"
"146532522","D. Pereira"
"1395601464","Khadidja Makhloufi"
"46175242","I. Bousserhane"
"2087453468","Si Ahmed Zegnoun"
"145157670","Abdullah A. Mohammed"
"2136943586","I. K. Ibrahim"
"2042833917","A. Falah"
"2123465316","I. Kasim"
"1836444","Ibraheem"
"2078172756","Aseel M. Ajobree"
"96530676","A. Bader"
"12755622","A. Alkaim"
"46241001","F. Hussein"
"2116578269","Chenhui Yu"
"1878417","Fei Liao"
"3054970","H. Ji"
"1390487896","Wenhua Wu"
"49843057","Xin Zan"
"145267477","Zhenhua Yu"
"40442314","B. Ding"
"3268113","Yuanli Cai"
"66454750","Zhiwu Li"
"2066729785","Ning Du"
"2143835875","Lin Zhang"
"49572389","Xiuhong Long"
"2150441068","X. Yang"
"2155385163","Feng Yu"
"50778742","Jianchen Hu"
"37199474","Jun Wang"
"9448328","Mingwei Xie"
"31231115","Wendong Gai"
"2112225843","Zili Guo"
"6238419","Shuyi Xiao"
"1766775","Jiuxiang Dong"
"2287277085","Stefan Ristevki"
"145501904","R. Chandramohan"
"2110814024","Hui Ma"
"1707870","Hongjing Liang"
"2254284124","Hongjun Ma"
"1777110","Qi Zhou"
"2243358671","Haoyu Wei"
"2118511295","Shuai Wang"
"2242950581","Quan Quan"
"1845914905","Audrey Schanen"
"143918589","J. Dumon"
"2688023","N. Meslem"
"2429345","A. Hably"
"35196318","Amaury Nègre"
"8520427","Alexandre Sarazin"
"101853443","Volkan Salma"
"92779817","F. Friedl"
"2482097","U. Fechner"
"2101402717","N. Pynaert"
"48950042","S. Watson"
"144199825","A. Moro"
"107951471","Vera Reis"
"2425301","Stephan Barth"
"39437003","G. Bartoli"
"47659960","F. Bauer"
"91740505","E. Boelman"
"2168865877","Denis Bosse"
"52178662","Antonello Cherubini"
"6624329","M. Fontana"
"2582833","A. Gambier"
"2356710","K. Gkoumas"
"69339722","C. Golightly"
"33767925","Mikel Iribas Latour"
"144727211","P. Jamieson"
"32659859","J. Kaldellis"
"2069630434","A. Macdonald"
"2151115559","Jimmy Murphy"
"2644230","M. Muskulus"
"34093748","F. Petrini"
"101607732","Luca Pigolotti"
"2168867411","Fleming Rasmussen"
"11225012","P. Schild"
"95605401","N. Stavridou"
"31289239","J. Tande"
"153070809","N. Taylor"
"96387556","T. Telsnig"
"38087792","R. Wiser"
"2116553636","Xing He"
"2152122580","Wei Jiang"
"2107194391","C. Jiang"
"2218699999","Chaojun Yu"
"46400992","Ju Jiang"
"2146294952","Shuo Wang"
"2090384033","B. Han"
"2153414045","Bin Guo"
"9389321","S. Dian"
"2263692710","Tao Zhao"
"2151270545","Yongyan Zhao"
"2111175480","Yongming Li"
"2202370877","Ya‐Xin Li"
"36080174","Libing Wu"
"2112268700","Yuhan Hu"
"48171977","Nan-nan Zhao"
"2066549526","Jin Nie"
"2084643230","Chengwei Pan"
"2155261711","Yong Chen"
"2145578491","Yuezhi Liu"
"2064799326","Ikram Ali"
"2087100592","Wen He"
"2743186","Panpan Yang"
"71912881","Xing-Man Chen"
"2031134","Xiangmo Zhao"
"1745001","M. Yan"
"145610521","A. Kazemi"
"2428710","H. Kharrati"
"145459504","M. Badamchizadeh"
"2258988","A. Ghiasi"
"67152755","M. Sága"
"1976548","K. Perutka"
"28258832","I. Kuric"
"50819995","I. Zajačko"
"2934928","V. Bulej"
"74952439","V. Tlach"
"101481730","M. Bezák"
"2640077","Liuliu Zhang"
"2761172","Lingchen Zhu"
"1706485","C. Hua"
"2131370616","Cheng Qian"
"2108167727","Xiaofeng Zhang"
"48594752","Weijun Hu"
"30991011","Caisheng Wei"
"2087783065","Tao Xu"
"2118439250","K. Chen"
"50375128","Xiaoyan Chu"
"145771685","X. Nian"
"1576353545","Xinran Fu"
"46507139","Haibo Wang"
"2140086","Hongyun Xiong"
"46296898","H. An"
"2004812050","Ziyi Guo"
"2152581577","Guan Wang"
"47074232","Changhong Wang"
"51051086","Lewei Dong"
"3159917","Xinjiang Wei"
"49724492","Huifeng Zhang"
"35249894","Jian Han"
"120280897","Xiuhua Liu"
"2195253992","Simone Baldi"
"145014498","QUAN LIU"
"2176510609","Wenwu Yu"
"2147410602","Hong-ying Qin"
"20631844","M. Buss"
"144021887","Xiaoqiang Sun"
"2115663743","Yulin Wang"
"2146240770","Weiwei Hu"
"3135049","Yingfeng Cai"
"145544641","Chen Huang"
"144727645","Long Chen"
"2153209598","Mengdi Zhang"
"2117966572","Ziyun Wang"
"2152540100","Yan Wang"
"1410122537","Ju H. Park"
"1711211","Zhicheng Ji"
"1478332125","Hong Jianwang"
"2166041066","Xiang Yan"
"2425549","L. Q. Thuan"
"2111855324","Nam Phan Thanh"
"2000360287","Xuehai Wang"
"2075369693","Fang Zhu"
"143758710","F. Ding"
"49170437","Young-Man Kim"
"2115507295","Rupam Singh"
"48246248","B. Bhushan"
"72445888","Xiaoshan Ma"
"9438882","Wen-han Dong"
"49729940","Bingqiang Li"
"144647626","B. Barbosa"
"143678217","L. A. Aguirre"
"3393184","A. Braga"
"2110788576","Xinyang Liu"
"112858849","Zonglin Liu"
"41131768","Zhenhua Wang"
"2398922","O. Stursberg"
"2055747796","Qian Liang"
"2144646766","Xiao-Hong Yu"
"2109030716","Xie Chen"
"1621039000","Qiang Huang"
"2113203324","Tao Sun"
"1878746433","Chi Peng"
"46872063","Jianjun Ma"
"1878689717","Jishuai Yao"
"2762989","Dimitra Panagou"
"2248611933","Muhammad Faisal Shehzad"
"10005493","A. B. Asghar"
"2271363","M. Jaffery"
"2186573179","Khazina Naveed"
"28294043","Zsolt Čonka"
"93448009","A. Viale"
"143694132","C. McInnes"
"2118381866","Yuandong Hu"
"2115884351","Zhen Lu"
"2060346504","K. Ling"
"2112737701","W. Liao"
"1771551","X. Zhang"
"2198854434","Marzieh Eghlimi"
"98120577","M. Azimi"
"2510497","Alireza Alikhani"
"2117943048","Zihao Liu"
"30969255","Y. Qian"
"50030946","Xiaodong Yang"
"1966015093","Wei Zhang"
"50190953","Dandan Zeng"
"88726420","R. Cai"
"2108567223","Yanchu Yang"
"1713502","Farhad Aghili"
"2057683655","Daniel Rey"
"1788936","Yukun Yuan"
"2053399751","Chunyang Gu"
"48783219","Siyu Huang"
"2143477085","Le Song"
"50346846","F. Fang"
"2144181571","Junhui Zhang"
"2068344760","N. Wu"
"2068215449","An Tong"
"49420397","Yinghua Liu"
"1870779","Xiangfei Ji"
"1591131382","Yiqun Zhang"
"101157514","Guanheng Fan"
"31289209","Meng Li"
"2144391643","Xianli Li"
"3934535","M. Huo"
"2112609278","Ze Yu"
"2146673466","H. Liu"
"2112410276","Ce Zhao"
"1390427634","Tong Lin"
"7576074","Zhiguo Song"
"39346978","N. Qi"
"2034272638","Yue Miao"
"39733319","Inseok Hwang"
"2108635892","Feng Wang"
"2152601995","Yu Song"
"31274642","Tong Luo"
"2093201543","Chuang Yao"
"145899488","Ming Xu"
"102132016","Qingyu Qu"
"2106700925","Kayla Marie Ormiston"
"9294818","Shipeng Fan"
"2118443126","Jiang Wang"
"8626548","D. Lin"
"145147421","Tao Song"
"2055037188","Duo Zheng"
"49293094","Zhijie Liu"
"2126213428","Raúl de Celis"
"2071037","Luis Cadarso"
"6495009","M. Fuentes"
"2266905115","Şükrü Ünver"
"2266905490","Erman Selim"
"35206822","M. Alcı"
"2144471553","Yanbin Liu"
"3039690","Weichao Sun"
"2236578652","Yang Du"
"47492231","Qingsheng Yang"
"35788299","Xisheng Zhan"
"92583621","Jie Wu"
"72184696","L. Mochurad"
"2129247655","Yaroslav Hladun"
"1471159263","Yevgen Zasoba"
"3234087","M. Greguš"
"1846421","Joseph Jean-Baptiste Mvogo Ahanda"
"2169479449","Charles Medzo Aba"
"2174413890","Achile Melingui"
"9484996","B. E. Zobo"
"1798355","R. Merzouki"
"2245903","A. Melingui"
"2691343","O. Lakhal"
"3280912","Hela Kadri"
"2118284889","Yuxiang Wu"
"2132133949","Fuxi Wan"
"9356807","Tianqun Xu"
"2113486046","Haoran Fang"
"47769522","B. Yilmaz"
"35095517","Aydogan Savran"
"49167830","A. Fazli"
"2178478966","Mohammad Hosein Kazemi"
"2143579321","Haiying Zhang"
"3205984","Renming Yang"
"1384679865","Ruipeng Huang"
"2153603567","Yu Wang"
"48094387","Jiaqing Wang"
"13603776","Necati Çobanoğlu"
"2592284","Xuanjiao Lv"
"2074582","Zhiguo Tan"
"2152954453","Ke Chen"
"2109538076","Zhi Yang"
"2466372","Z. Khan"
"2999629","Azfar Khalid"
"47743530","J. Iqbal"
"49270131","Zhicheng Song"
"2117944008","Linkang Wang"
"1996213521","J. Ling"
"2161762659","Lingyu Wang"
"2247505941","Jinjun Duan"
"2266548879","Yaoyao Wang"
"2274304425","Bai Chen"
"2193906617","Chandan Kumar Barick"
"1921692243","Bijaya Kumar Mohapatra"
"2193907518","Subash Ranian Kabat"
"2051696387","Kasinath Jena"
"9352375","B. Ganthia"
"5229125","C. Panigrahi"
"2134503065","Dakai Liu"
"2015839","S. Esche"
"9378589","Mingang Wang"
"27091035","Rihab Bkekri"
"3281836","A. Benamor"
"143905597","H. Messaoud"
"31772824","M. Alouane"
"36353323","G. Fried"
"2157220215","Wei Liu"
"48847448","Siyi Chen"
"2011760","Hui-xian Huang"
"144569427","S. Mohammed"
"38695258","Y. Amirat"
"2267958926","Yuri Shtessel"
"2267932643","Franck Plestan"
"2267965102","Christopher Edwards"
"30550622","Aghiles Ardjal"
"25631755","R. Mansouri"
"145758527","M. Bettayeb"
"2160737685","Shilpa Patra"
"46205625","Binodinee Swain"
"2283052110","Monalisa Mohanty"
"2283059815","S. Pahadasingh"
"2119108240","Huai-Ning Wu"
"2190019993","Mi Wang"
"48708022","Zeng Wang"
"2152611341","Jun Ma"
"9431722","Liangmou Hu"
"2116514627","Xinchen Guo"
"2875239","Zhongjie Meng"
"2120848168","Hantong Mei"
"2130035801","Yunhe Guo"
"2051261283","Junyan Yang"
"2107531995","G.W. Zhou"
"2153494036","Yang Li"
"2118390397","Yao Zhang"
"32689680","Dengxiu Yu"
"2110877810","Hang Guo"
"3403532","Hanqiao Huang"
"2151884736","Wenya Xie"
"2142647555","Zihao Wei"
"47524397","Yuan Chai"
"145194158","Jianjun Luo"
"1557260113","Nan Han"
"120444702","Jian-feng Xie"
"2146239834","Qi Li"
"2805990","Panfeng Huang"
"74461340","Yingbo Lu"
"2115447526","Ming Wang"
"2652234","Yizhai Zhang"
"108328640","Fan Zhang"
"2063042998","Gautam Sarkar"
"2061597463","Tamal Roy"
"1411068077","M. F. Arevalo-Castiblanco"
"1399716310","D. Tellez-Castro"
"9511905","G. Cardona"
"1399691461","E. Mojica-Nava"
"39084624","A. Tabassum"
"144561573","H. Bai"
"1398217037","M. Abu-Khalaf"
"143612763","S. Karaman"
"145944286","D. Rus"
"3098648","E. Butcher"
"2076814825","J. Ullah"
"26513093","T. Lutz"
"103931242","L. Klug"
"152218024","R. Radespiel"
"3279732","J. Wild"
"49369658","R. Heinrich"
"2059078279","F. Deng"
"2155569398","Haifeng Wang"
"2056232319","Cheng Xue"
"48931052","N. Qin"
"2146315232","Yating Hu"
"5444444","Yuting Dai"
"2115860003","You Wu"
"123770823","Hugo Fournier"
"1792973","P. Massioni"
"2056567625","Minh Pham"
"37173561","L. Bako"
"2090350234","Robin Vernay"
"2070271052","Michele Colombo"
"102123539","T. Mkhoyan"
"2191509862","Xuerui Wang"
"147893090","R. De Breuker"
"15258999","N. Nazeer"
"40582307","R. Groves"
"2043234013","Iren Mkhoyan"
"2319857","R. Breuker"
"1558681297","Jinglong Liu"
"92374189","Zhonghua Wu"
"2075433275","Xiaowen Xing"
"2021074885","Qizhi He"
"29567919","Nick Cramer"
"47967556","M. Drew"
"97779231","J. Xiong"
"1387255841","T. Mundt"
"70234052","M. Mor"
"144270416","E. Livne"
"30984795","X. Wang"
"2939347","E. Kampen"
"3163066","Q. Chu"
"2036751270","N. R. Thakrar"
"17084892","J. Sodja"
"75025180","Natsuki Tsushima"
"67334611","M. Tamayama"
"2116613296","Yu Li"
"2144526899","Xiaoxiong Liu"
"2131048175","Ruichen Ming"
"2205388865","Kecheng Li"
"2108142262","Weiguo Zhang"
"47008778","Xiaohe Yang"
"1996195","Weijie Lv"
"2133622","Chaofang Hu"
"1720845044","Yongtai Hu"
"2374191","Kapil Sachan"
"1703166847","Ruimin Jiang"
"2151549468","Jun Zhou"
"1764969","P. Wang"
"21471109","A. Guha"
"144770932","Yingnan Cui"
"2110758912","Sunbochen Tang"
"2226757164","José M. Moreu"
"47305208","Drew McNeely"
"70222126","Tatsuya Miyano"
"1735291","J. Romberg"
"152599370","M. Egerstedt"
"2148847312","Tao Xu"
"2218775202","Tuo Yang"
"8200163","Z. Duan"
"2146875160","Gang Feng"
"2160528632","Guanrong Chen"
"2137584333","Wenceslao Shaw Cortez"
"48673753","X. Ye"
"147595985","M. Schwartz"
"144412037","S. Hohmann"
"2212672886","Xin Tong"
"21594385","Shing Shin Cheng"
"1491643710","Sidharth Talia"
"2210271982","Arnav Thareja"
"34531831","Christoforos Mavrogiannis"
"40988419","Matt Schmittle"
"1752197","S. Srinivasa"
"1651611341","Victor Aladele"
"15366346","C. R. D. Cos"
"80539375","Seth Hutchinson"
"2022069","Jonathan Vorndamme"
"2067739440","João Carvalho"
"2133411698","Riddhiman Laha"
"3041209","Dorothea Koert"
"144106018","Luis F. C. Figueredo"
"145197867","Jan Peters"
"1809470","S. Haddadin"
"9739326","Ali Deylami"
"2519364","A. Izadbakhsh"
"2988183","S. Alsamhi"
"102912657","A. A. Saif"
"1724027","E. Curry"
"49596277","S Kumar"
"2119430859","Ammar Hawbani"
"145039722","Hang Yin"
"1731490","D. Kragic"
"3092871","Y. Kantaros"
"3427265","S. Khorashadizadeh"
"8352937","Hamed Farivarnejad"
"4453738","S. Berman"
"87795911","F. Arab"
"2293436","F. A. Shirazi"
"40348197","M. Yazdi"
"2108834623","Hao Xu"
"2148891615","Yongjin Hou"
"49811370","Jiawei Luo"
"40417509","Tianyu Wu"
"72500842","Yue Wu"
"2145978700","Shifeng Chen"
"2131194142","Xianglei Li"
"49724291","Hai-Tao Zhang"
"66352043","M. Logothetis"
"1794016","C. Bechlioulis"
"144164018","K. Kyriakopoulos"
"1780248","L. Kavraki"
"153849945","Van-Tam Ngo"
"1825757970","Yen‐Chen Liu"
"1769908","G. Karras"
"52154154","Konstantinos Alevizos"
"2143836087","Lin Zhang"
"2054473256","Hao Xiong"
"2065922234","Ou Ma"
"2144715749","Zhaokui Wang"
"1403285856","Wenceslao Shaw-Cortez"
"1725909","Daniel Zelazo"
"9416306","Tianyong Zhang"
"2387108","Zhong-Hua Pang"
"145061088","B. You"
"2109011839","Jiayu Li"
"40830536","Guoping Liu"
"2115242715","Yi Ren"
"2185308","Stefan Sosnowski"
"8973704","S. Hirche"
"2035270","Alexandros Nikou"
"145406444","Zhi Feng"
"145468453","G. Hu"
"2108591902","Yajuan Sun"
"1453878215","Jeffrey Soon"
"2143836100","Lin Zhang"
"2108547966","Yufeng Sun"
"112833425","A. Barth"
"2130428003","Fidel Tito Cruz"
"2150036125","Ralf Doloriet Fernandez"
"2127765483","Aldo Guardia Guizado"
"2127777526","Jose Francia Zorrilla"
"2242761139","Rahman Mohammadi"
"2243141526","Vyacheslav Ivanovich Kortunov Farhadi"
"2239099131","Johannes Autenrieb"
"2237819290","A. M. Annaswamy"
"40661164","Metehan Yayla"
"31873138","A. Kutlu"
"2499037","Spandan Roy"
"9332938","Kang-Chin Yang"
"1857335","A. B. Farjadian"
"1928242","D. Woods"
"1768062","S. Tavakoli"
"98897169","H. Fasih"
"2088462863","J. Sadeghi"
"143681254","H. Torabi"
"1573362229","Rachel M. Axten"
"46200477","Thanakorn Khamvilai"
"2276492806","Eric N. Johnson"
"40316055","G. C. Santos"
"145511894","T. R. Oliveira"
"1588107866","Usman Mohammed"
"9080033","Tologon Karataev"
"2080579","Omotayo Oshiga"
"84266926","S. Hussein"
"47449857","Sadiq Thomas"
"2029355213","Ece Nur Demirhan"
"1394607419","Kemal Çağlar Coşkun"
"29447905","C. Kasnakoǧlu"
"1392433110","Syed Muhammad Ali"
"2109247099","Salman Ahmed"
"2199394268","Salman Ahmed"
"31791601","J. Rosendo"
"48117772","Dominique Monnet"
"49321223","H. De Battista"
"2733824","Jordan Ninin"
"145402622","B. Clement"
"1773202","F. Garelli"
"34321251","Engr. Dr. Muntazir Hussain"
"98294196","S. Liu"
"47909894","Yancheng Liu"
"8565423","Xiaoling Liang"
"144041171","Ning Wang"
"147075788","J. Guerrero"
"153935630","J. Torres"
"2383044","V. Creuze"
"9344841","A. Chemori"
"1516373676","E. Campos"
"2145746142","Xiaoliang Wang"
"1757500","C. Xiang"
"1763566","H. Najjaran"
"46798822","Bin Xu"
"2369544","S. Dettori"
"3183957","Alessandro Maddaloni"
"145924466","Filippo Galli"
"2083427208","F. Bucciarelli"
"2718727","D. Checcacci"
"1394016410","Vlad Mihaly"
"51040736","Mircea Şuşcă"
"2088264711","Dora Morar"
"51044610","Mihai Stanese"
"143811945","P. Dobra"
"2005034837","Nasir Ahmed Alawaad"
"87766474","Zhenlong Wu"
"48108775","Donghai Li"
"47875230","Yali Xue"
"50580551","Y. Chen"
"107943547","Sondarangallage D.A. Sanjeewa"
"2601852","M. Parnichkun"
"1730227","A. Elkamel"
"104538822","O. Brunetkin"
"1395611390","K. Beglov"
"2103417311","Vladimir Brunetkin"
"2102257270","Оleksiy Maksymov"
"101971346","O. Maksymova"
"2088979913","Oleh Havaliukh"
"2126128309","Volodymyr Demydenko"
"2224963100","Ramzi Gaagai"
"1831115974","Felix Seeland"
"47761629","J. Horn"
"151245628","Vishrut Jain"
"32981010","Wenwu Yu"
"2855998","P. Frasca"
"2064522510","Bin Tian"
"2152582327","Guanqun Wang"
"98220605","Zhigang Xu"
"2108446333","Yuqin Zhang"
"31179188","M. R. Rosa"
"153457677","F. Navas"
"1788013","V. Milanés"
"153116596","Carlos Flores"
"1681192","F. Nashashibi"
"2116836791","Xiaofeng Deng"
"3378590","A. A. Yaseen"
"2058400453","Francisco Navas Matos"
"2112330","U. Montanaro"
"3092538","Shilp Dixit"
"34929667","Saber Fallah"
"1953808","M. Dianati"
"46282149","A. Stevens"
"2064132018","David Oxtoby"
"144235212","A. Mouzakitis"
"100880707","Cunxue Wu"
"9625117","Zhongming Xu"
"2152803402","Yang Liu"
"1384873345","Chunyun Fu"
"6754405","Kuining Li"
"153116354","Minghui Hu"
"1761868","E. Kosmatopoulos"
"2176519108","M. Romagnuolo"
"144333297","M. Nasution"
"2174223231","Rahmat Hidayat"
"152362984","Rahmad Syah"
"101175397","Navya Thirumaleshwar Hegde"
"145571835","A. Vaz"
"122833256","C. G. Nayak"
"144484398","V. I. George"
"2098239419","V. George"
"2110685531","Kamlesh G. Kumar"
"51935535","Angela Gusti Aprilia"
"2075538999","Ariesta Martiningtyas Handayani"
"69061802","S. Herdjunanto"
"23187003","G. Pratama"
"9718596","A. Sandiwan"
"145690996","A. Cahyadi"
"51474101","K. Yankov"
"2014587","G. Nugroho"
"2053428011","Syaiful Mansur"
"50226882","Maki Habib"
"2969172","I. Ardiyanto"
"23105205","Ibnu Masngut"
"71669445","M. Sahraei"
"1582112501","Emre Kuşkapan"
"98797196","M. Çodur"
"2239170841","Seung Jae Lee"
"2256865761","Michael C. Drew"
"2256987105","Nhan T. Nguyen"
"2239141023","H. Jin Kim"
"2152504516","Chao Liu"
"2158826266","Yao Mao"
"2099988707","Xiaoxiao Qiu"
"1677106228","S. Karthick"
"3014086","S. Kanthalakshmi"
"1486442887","E. Vinodh Kumar"
"2190721869","V. Joshi Kumar"
"2190722792","A. Ezhil Kumaran"
"2128188933","Lijun Liu"
"2108266635","Mou Chen"
"2149198586","Tao Li"
"46314486","Wei Wang"
"2119055417","Guangming Zhang"
"2142182","Yuguang Niu"
"2144303646","Zhenyu Chen"
"2056352039","Peiran Xie"
"2117036866","Zhe Chen"
"35402450","Omer Saleem"
"1405458106","Khalid Mahmood-Ul-Hasan"
"145724627","Wei Yuan"
"2018093","Guoqin Gao"
"8550121","Jianzhen Li"
"92485737","D. Souza"
"2047814881","Vinícius A. de Mesquita"
"145559318","L. L. N. Reis"
"48029938","Wellington A. Silva"
"51225521","J. Batista"
"2066153146","R. Rajesh"
"14814588","S. Deepa"
"46659744","Lipeng Wang"
"73615422","Zhi Zhang"
"2185087","Qidan Zhu"
"2108683363","Xiaoming Wang"
"2058690","Wenya Zhou"
"2128673618","Zongyu Zhang"
"152634581","Jian-Ping Jiang"
"2146253020","Zhigang Wu"
"2144479018","Suwon Lee"
"2119566831","Youngjun Lee"
"48601213","Seokwon Lee"
"123634078","Youdan Kim"
"9502366","Yongsu Han"
"101999732","Jangseong Park"
"1389654709","Dominic Liao-McPherson"
"47452003","Mike Huang"
"26909074","Shinhoon Kim"
"52440069","M. Shimada"
"2859906","K. Butts"
"2054525616","Bai Xue"
"31505222","Yang Liu"
"143828252","L. Ma"
"1443797518","Xiyue Zhang"
"145551866","Meng Sun"
"49419199","Xiaofei Xie"
"41050416","B. Karg"
"148085678","S. Lucia"
"2072407937","Sambit Dash"
"2108508475","Xinqing Li"
"2143524182","Yongli Wei"
"2144736408","Lin Wang"
"46521904","Xuelian Liu"
"2117976591","Chunyang Wang"
"2118525879","Gang Zhang"
"2051532742","Deqiang Cheng"
"19604528","Pankaj Prakash"
"153278742","J. P. Singh"
"145034508","B. K. Roy"
"2145265371","J. P. Singh"
"145264912","V. T. Pham"
"95509831","T. Hayat"
"2066115500","S. Jafari"
"40549277","F. Alsaadi"
"2064322484","B. K. Roy"
"34612350","K. Santhosh"
"8341099","Bhagya R. Navada"
"2047485517","Bin Fu"
"83083394","Liren Shao"
"96141606","Yang Yi"
"2108661681","Bei Liu"
"1702796","W. Zheng"
"145280893","Zhouchao Wei"
"2153116673","Anmol Assal"
"46246250","R. Versteeg"
"2239198037","D. Pool"
"2188402630","Max Mulder"
"2158939882","Hantao Jiang"
"2093123030","Hao Xiong"
"2158940071","Weifeng Zeng"
"2211504965","Yiming Ou"
"2262340957","Mostafa Eslami"
"2518341","A. Banazadeh"
"2182417438","Zijie Xu"
"2815996","L. N. Cao"
"2130306432","Chengyu Li"
"2118265113","Ying Luo"
"2128480380","Erming Su"
"2142149274","Weizhe Wang"
"92015504","Wei-Yao Tang"
"2153932722","Zhaohui Yao"
"2135360822","Zhongfeng Wang"
"32046691","D. Segal"
"1435504830","A. Bar-Gill"
"1742179","N. Shimkin"
"2066389170","Mostafa Eslami"
"9349461","Yunxian Cui"
"2146671974","Hui Liu"
"2109571779","Haoyu Wang"
"145692321","S. Guo"
"2127261595","M. E."
"6034075","W. Ding"
"2162084429","J. Yin"
"2163316589","Mohamed H. Hamza"
"30615592","R. Polichshuk"
"1828775594","Hyunseong Lee"
"2060052225","Paul Parker"
"152847654","A. Campbell"
"47283548","A. Chattopadhyay"
"2182899405","Xibo Lang"
"46480985","Fei Cen"
"2035584620","Qifu Li"
"40036680","B. Lu"
"96769080","K. S. Chowhan"
"144239569","H. Arya"
"3151497","G. Deodhare"
"39891734","Annemarie Landman"
"1772251","D. Kalogeras"
"145468855","M. Houben"
"39216174","E. Groen"
"2987415","M. Wentink"
"2352417","B. Graaf"
"2512932","R. V. Paassen"
"144151178","M. Mulder"
"92639582","Fengyong Sun"
"114222784","Chunsheng Ji"
"2148473608","Tengfei Zhang"
"2087007761","Huanhui Cao"
"2152902152","Hao Hu"
"2159223035","Chaoran Li"
"2111609496","Wenjie Lu"
"2127774401","Yasemin Dönmez Özkan"
"1915715","Alexander G. Mirnig"
"1763339","Alexander Meschtscherjakov"
"2000933920","Cansu Demir"
"1751253","M. Tscheligi"
"2134190408","A. Kositzyn"
"31399975","D. Serdechnyy"
"91798736","S. Korchagin"
"2138145456","E. Pleshakova"
"2129328794","Petr Nikitin"
"2090295579","N. Kurileva"
"40367854","Lixin Wang"
"2110143892","Chang Lu"
"2109527698","Hailiang Liu"
"3200035","Ting Yue"
"48922900","Shuting Xu"
"1887625","Yuehua Wu"
"2800361","H. Harno"
"2117903477","Yoonsoo Kim"
"143728204","Jun Moon"
"2608989","H. Bang"
"48607282","Yun Wu"
"38228995","Biao Wei"
"2003817066","Hua Liang"
"66065780","Xie Like"
"2109739639","Zhe Li"
"2110503035","Ying-hong Li"
"2145443745","Shan Zhang"
"20885713","Lidong Tian"
"2144202367","Xiaohua Chen"
"2107918454","Yanen Wang"
"2144098691","Qiuyu Zhang"
"2031103012","Annemarie van den Hoed"
"2031102827","D. Van Baelen"
"48740564","O. Stroosma"
"50819157","M. V. van Paassen"
"49954989","H. Lim"
"46439186","Guoyi Li"
"6588184","Ashwin Rai"
"2109739493","Zhe Li"
"114891869","X. Duan"
"2108182155","Xiaogang Li"
"2109511356","Shih-ying Wang"
"48495932","Y. Hou"
"2446877","A. Bronkhorst"
"2167923625","Annemarie van den Hoed"
"66618535","D. V. Baelen"
"122242902","I. Ashraf"
"145385682","Wei Xing"
"2128750804","Zu Li"
"49424199","Haiou Yang"
"2108184737","Xinlin Li"
"1845946866","Xinyun Wang"
"2164279181","Ning Li"
"9261929","Wenqian Tan"
"9289087","Xiangju Qu"
"2200136665","Cheng Zhang"
"2069454517","Simon Davies"
"2255133980","Eric L. Groen"
"2255169260","Nicholas J. Lawson"
"2155100351","Jie Chen"
"47153425","Guangyin Zhao"
"2056454328","Miao Tian"
"9693411","Haojun Xu"
"46758714","Yifei Zhu"
"2173299302","Chen Jie"
"2173298600","Zhao Guangyin"
"9345273","Song Huimin"
"50376993","M. Jia"
"2082644419","Elgiz Baskaya"
"2280780134","G. Rohith"
"2059935327","Anil Yildiz"
"51034747","M. U. Akcal"
"51004600","Batuhan Hostas"
"2877453","N. K. Ure"
"1591125886","Y. Zhang"
"80192029","Thomas Milward"
"73585465","M. Bromfield"
"2504312","N. Horri"
"2053413926","Rashid Ali"
"2093248936","Steve Scott"
"1897655984","Xiaolong Wang"
"67230092","J. Sembiring"
"65809182","P. Koppitz"
"71638605","Lukas Höhndorf"
"2108882808","Chong Wang"
"96417649","S. N. Mcmillin"
"66705564","N. Frink"
"143915022","K. Cunningham"
"90991803","S. Nayani"
"2115892802","Ye Zhang"
"66792822","C. C. Visser"
"7439292","T. Cunis"
"30997939","E. Baskaya"
"10844229","Evan D. Harrison"
"2071381376","Frank Brown"
"2067492423","P. Hayes"
"97990182","Kamal M. Shweyk"
"2117895153","Qing Li"
"34901219","M. Lowenberg"
"2186455","S. Neild"
"103088112","Yinan Kong"
"29857140","T. Lombaerts"
"9175089","J. Kaneshige"
"3507591","Kimberlee H. Shish"
"2149814959","Peter Robinson"
"144239436","G. Hardy"
"2205481616","Ivan Resende Leitão"
"83276057","D. D. Andrade"
"35688356","Marcelo Soares Leão"
"2205484931","Pedro Allan Giglio Sarkis"
"2150606472","Weiran Zhao"
"2000885144","Lin Xiao"
"2011694354","Xuyao He"
"1382550601","Zehang Cui"
"2115379178","Jiahao Fang"
"2154717768","Caifeng Zhang"
"2118891269","Xiaohong Li"
"144289490","Guoqiang Li"
"2100514883","Liang Zhong"
"2145023935","Yabin Zhang"
"2280780136","G. Rohith"
"2058854293","S. O'toole"
"100739399","Almeida di donato"
"2373254","P. Fernando"
"40982759","Brendon G. Anderson"
"1685407","S. Sojoudi"
"1906827","Yanzheng Zhu"
"144261802","Donghua Zhou"
"2109181961","Jeffrey A. Lewis"
"2188803208","Fernando Ortolano"
"8671463","Helói F. G. Genari"
"3379965","E. Nóbrega"
"1478199007","Nelson J. B. Dantas"
"2026672","C. Dórea"
"33817718","J. M. Araújo"
"51198367","Rachel W. Soares"
"46913667","L. Barroso"
"1410109413","Omar A. S. Al-Fahdawi"
"120674879","Ausama Mohamed Ali"
"100924994","Jame Alexander"
"48392936","Tathagata Ray"
"145746522","A. Stephan"
"2049380571","S. Walter"
"39550119","A. Materazzi"
"48376699","S. Carillo"
"148337491","W. D’Ambrogio"
"39210146","Rabeb Ben Amor"
"31942227","S. Elloumi"
"2239252440","Yiwen Zhou"
"2239279905","Fan Jin"
"2205922948","Hanxue Kong"
"2239914079","Shuaixian Yu"
"2239386501","Yixin Huang"
"2080147809","A. Raza"
"31856650","F. Malik"
"98751882","Rameez Khan"
"144063463","N. Mazhar"
"1387433171","Hameed Ullah"
"2118642133","Chao Han"
"2109341976","Zhen Liu"
"1723294","J. Yi"
"2117205248","Qian Gao"
"9404277","Naibao He"
"2804323","Fengxue Cao"
"2155127254","Jian Zhang"
"2182004749","Yubao Yang"
"3275907","Zhijia Zhao"
"1381120490","Anderson Pablo Freitas Evangelista"
"1734164","G. Serra"
"47513332","Jingwen Huang"
"2115434193","Y. Fan"
"1557343794","Ying Xin"
"7477763","Zhi-Chang Qin"
"49594520","Minggang Gan"
"35599518","Jingang Zhao"
"2115812562","Chi Zhang"
"27033394","Wafa Boukadida"
"2055026246","Luis M. M. Torres"
"1453359422","Ginalber Luiz Oliveira Serra"
"39192280","Selvakumar Karuppusamy"
"41075681","Vamsi Krishna Canchi"
"2282016952","Oliver Jia-Richards"
"47248942","Michel Rivero"
"1410378173","F. Sellschopp-Sánchez"
"2192839638","Mohammad A. Faraj"
"1404441806","Boutheina Maalej"
"1770657","N. Derbel"
"3461254","O. Naifar"
"30618199","Fatemeh Sedghi"
"2121508512","Shekoufeh Neisarian"
"2151652120","M. M. Arefi"
"2499382","M. H. Asemani"
"3366611","N. Vafamand"
"1931544629","M. Deriche"
"2237443059","Ibrahim A. Hameed"
"102320235","Hao Yang"
"2740258","Hailong Pei"
"2062861096","Jian Cen"
"2108803278","Lixian Zhang"
"39934264","Ondrej Holub"
"1730046","M. Benosman"
"30901482","Miao Zha"
"2281908968","Hanlin He"
"2053225316","Kun Qian"
"35424699","A. Oveisi"
"2064886638","A. Hosseini"
"3424235","T. Taghikhany"
"2290951106","Yanxiu Sun"
"2291320004","Hong Li"
"21101856","B. E. Haiek"
"9118186","T. Zoulagh"
"2267834864","Karina A. Barbosa"
"1718765","A. Hajjaji"
"1705494","A. Hmamed"
"30815410","Yali Dong"
"2143616552","Xinyue Tang"
"2101946","Noussaiba Gasmi"
"144744076","M. Boutayeb"
"30733228","A. Thabet"
"113746821","G. Bel Haj Frej"
"144705819","M. Aoun"
"3466385","Sha Lan"
"40177644","Q. Ling"
"2106355357","X. Su"
"145416509","B. Xiao"
"145142396","Oscar Jaramillo"
"1398548877","B. Castillo-Toledo"
"9364845","S. Di Gennaro"
"2036667006","M. Nacer"
"90046044","H. Kherfane"
"32427271","S. Moreau"
"144468667","S. Saad"
"34601263","S. Gennaro"
"9387557","S. Belghith"
"151487597","Yuchen Sun"
"2211375054","Shuping Ma"
"21707677","Minh Cuong Nguyen"
"2301180","P. Pathirana"
"2378042","H. Trinh"
"2115691503","Jiang Wu"
"40633693","Fu-cheng Liao"
"100837067","Yi-Xiao Shao"
"32795666","Shujie Gao"
"2144222015","Hao Wang"
"7814565","Zheng-guang Xu"
"2096761731","Noussaiba Gasmi"
"2139766110","Xiao Yu"
"39413757","Jiamei Deng"
"46244241","Riadh Hmidi"
"40659408","Ali Ben Brahim"
"52158867","F. Ben Hmida"
"33194677","A. Sellami"
"1740977","R. Rajamani"
"2521949","Jianglin Lan"
"31785770","R. Patton"
"37932099","Li Li"
"2889255","G. Song"
"143662108","K. Hu"
"1881182","Bochao Zheng"
"9134877","G. B. H. Frej"
"144058509","C. Bennani"
"4363023","H. Karimi"
"122735017","Z. A."
"2083052412","Emouche"
"2124158174","R. R."
"2078869549","Ajamani"
"2064874760","K. H."
"2084995261","Heloufi"
"52195689","B. F."
"2082762826","Edouhene"
"1579194895","M. Venkatesh"
"1760605","S. Patra"
"143646399","G. Ray"
"2219606062","Danial Pazoki"
"49811045","Amirhossein Nikoofard"
"145540368","A. Sedigh"
"143730127","Haibo Liang"
"2084600680","Bo Ma"
"2113906239","Kai Zuo"
"1720804178","Jiangna Cao"
"95237342","Ubedullah Ansari"
"9414198","Yuanfang Cheng"
"115116371","H. A. Qureshi"
"1446971792","Ahsan Nabi"
"2023646076","Ding Jiping"
"39711801","T. Strecker"
"72152086","Hanmin Lee"
"3210479","V. Cichella"
"9367697","M. Davanipour"
"144941371","A. Khayatian"
"3012788","M. Dehghani"
"3030383","Henrik Manum"
"1398637517","Daniel O'Keeffe"
"1775572","S. Riverso"
"1403122888","L. Albiol-Tendillo"
"2072136181","Gordon"
"1390658926","Lightbody"
"2268260906","Wang Yang"
"2260722463","Jiuxiang Dong"
"34832531","M. Homaeinezhad"
"2229403464","Mohammad Abbasi Gavari"
"2152661891","Xin Huang"
"2112111686","Minjie Zhang"
"2118929378","Lei Yang"
"3172714","Yanze Hou"
"2818989","Maopeng Ran"
"38654394","Shenmin Zhang"
"2176843140","Lu Liang"
"1917635","E. Prempain"
"2288894235","Eric A. Butcher"
"2146841","Jaesug Jung"
"122539848","Seung-Nam You"
"2072707","Jaeheung Park"
"2082441472","C. Niu"
"2110377461","Xiutian Yan"
"3427928","Boyi Chen"
"2146250527","Chenlong Lin"
"9302133","Molong Duan"
"84709897","F. Vetrano"
"2108862092","Yu Huang"
"2108311315","Jianguo Chen"
"2881973","G. Su"
"3107815","Honglun Wang"
"2112341925","Ran Liu"
"2057358417","Peng Du"
"2111874812","Hao Lei"
"2109336886","Liang Xu"
"48517781","Yuping Lu"
"9160478","Mingmin Sun"
"145957898","S. Zhang"
"151044924","Qing Wang"
"2118674367","Jinjin Liang"
"2524129","Chaoyang Dong"
"2157949577","Na Li"
"2117163208","Yue Yu"
"95696447","Seong-hun Kim"
"2448664","Alexander W. Zollitsch"
"3296894","M. Mohamed"
"2214118448","G. Madhavan"
"144031976","Wu Wei"
"1754134","R. Sipahi"
"9640105","Lingyue Xia"
"2113506104","Hangcong Fu"
"144400750","A. Girard"
"12061399","J. Driscoll"
"2107461","P. Kabamba"
"1682002","N. Sarter"
"1777799","Emilio Frazzoli"
"1795953","M. Cummings"
"1690990","A. Serrani"
"1844749","Xinyan Deng"
"1409235875","H. Caballero-Barragán"
"1409235873","L. P. Osuna-Ibarra"
"1682461","A. Loukianov"
"1776742","F. Plestan"
"2632394","K. Nguyen"
"2257127","Xiaobao Han"
"31230970","Qiusheng Jia"
"2366580","Ali Albattat"
"2146661946","Gang Chen"
"3371519","Peihan Zhang"
"2144714860","Zhaoying Wang"
"2087097642","Wei Dong"
"9016282","B. J. Emran"
"145717438","Xu Jin"
"34919460","T. Hayakawa"
"2796109","Maximilian Mühlegg"
"8847299","Thomas Raffler"
"2792264","A. Moschitta"
"2087369434","Yuan Ji"
"3305744","Junzhi Zhang"
"2124987991","Chen Lv"
"2087126522","Chengkun He"
"36620472","Hao Chen"
"2109522878","Jinheng Han"
"2112800883","Xiaohui Hou"
"2216031982","Ju Xie"
"47158537","Xing Xu"
"1799463962","Feng Wang"
"2109128690","Zhenyu Liu"
"71063171","Long Chen"
"2108636041","Feng Wang"
"2118172288","Long Chen"
"2741441","C. D. Makavita"
"38113674","S. Jayasinghe"
"9346368","H. Nguyen"
"2161817","D. Ranmuthugala"
"4429539","Zhifu Wang"
"2108010845","Xuran Wang"
"16466620","Kang Huang"
"1992676","R. Xiong"
"75057688","C. Makavita"
"143700987","R. Kazemi"
"1966095","S. Azadi"
"2152834420","Lei Zhang"
"2115412871","Fengping Yang"
"7670185","Wen-ya Zhou"
"2145754349","Jun Huang"
"30996038","A. M. D. Oca"
"2016519","G. Flores"
"2216652859","Muhammad Amir Tahir"
"2104668552","Imran Mir"
"2049090114","Tauqeer Ul Islam"
"1759103","P. Khargonekar"
"2117049118","Wang Yan"
"52549038","Cai Ji-fei"
"2155029559","Zhang Yang"
"2062874706","Lian Guang"
"2253494797","Guanghao Su"
"2145057565","Zhenlei Wang"
"2191693","Lejun Chen"
"143958008","J. Whidborne"
"2004415324","M. Muhammed"
"49473441","M. Virk"
"46402190","Hao Yang"
"145051858","B. Jiang"
"2823057","D. Rotondo"
"3132171","F. Nejjari"
"145681106","V. Puig"
"66482295","Hamed Pourazad"
"31631821","J. Askari"
"48332212","S. Hosseinnia"
"144892499","Antonio Pedro Aguiar"
"30751642","Kim Lynge S⊘rensen"
"97754137","M. Seron"
"40459940","J. Doná"
"2172331166","Bogdan Løw-Hansen"
"2268000859","Richard Hann"
"101838748","Bård N. Stovner"
"2244705663","Tor Arne Johansen"
"2065772239","Kim L. Sorensen"
"2578105","M. Blanke"
"2075940898","Tor Arn Johans"
"51204951","Shraddha Barawkar"
"48387892","Manish Kumar"
"1398752070","Andrea L’Afflitto"
"2066661590","P. S. Reddy"
"2639004","S. Shimjith"
"2171129","A. Tiwari"
"2054859694","S. Kar"
"1984270","X. Yao"
"2143684726","Yi Yang"
"2158032864","M. Wu"
"1410126452","Julius A. Marshall"
"2148697189","Grant I. Carter"
"29207580","R. B. Anderson"
"72355274","B. Xiang"
"51403617","Quanqi Mu"
"2056999847","W. Tong"
"144106881","W. Wong"
"145641905","Girish Joshi"
"48411928","Hae-In Lee"
"143858451","Hyo-Sang Shin"
"1809291","A. Tsourdos"
"7517833","J. Nezvadovitz"
"144633295","G. Sarkar"
"2135788802","Xueqing Zhang"
"2108774422","Yiming Wang"
"50528618","Qianqian Wu"
"2008286778","Bryton Praslicka"
"2192836579","Donald F. Knight"
"2192865885","Tazio L. Stefanelli"
"48063343","Nick Palmer"
"2198467858","Adam White"
"2202664113","Joshua Jones"
"1809132","H. Toliyat"
"6782893","C. Edrington"
"50479529","Gokhan Ozkan"
"23721280","B. Papari"
"31057789","Dallas Perkins"
"31491130","Shuvrangshu Jana"
"143982653","M. Bhat"
"1453716382","M. Shewale"
"1453716565","Susheel Balasubramaniam"
"40994401","Harikumar Kandath"
"47800426","J. Na"
"39803912","Jun Yang"
"9339438","Guanbin Gao"
"50714320","Lingxia Mu"
"88495954","Le-yao Li"
"2218115368","Xiang Yu"
"2420746","P. Li"
"47119463","Xinmin Wang"
"2108676291","Xiaofeng Li"
"47238968","Lijia Cao"
"50050097","Xiaoxiang Hu"
"9309456","Shengxiu Zhang"
"2108745806","Yongchao Wang"
"143772607","T. Fei"
"78704793","S. Bhattrai"
"103554062","L. McQuellin"
"15069382","G. Currao"
"17453703","A. Neely"
"3348156","D. Buttsworth"
"77323224","D. Biswas"
"134244122","Kaushik Das Sharma"
"47573760","H. Gutierrez"
"2522889","Changsheng Jiang"
"2108989132","Yifei Yang"
"152980640","Yuchun Bi"
"97594840","Y. Wang"
"2118860149","W. S. Chen"
"153327764","S. Zhang"
"2108916400","J. Zhu"
"2145230011","Xin Chen"
"3157659","Yonghua Fan"
"1660915793","Xiaofei Wu"
"46247114","P. Yan"
"123275765","J. Zhang"
"2213699188","Y. Yu"
"2107191824","Y. Fan"
"2107594010","X. Guo"
"31785894","T. Vu"
"144514238","F. Diaz"
"30995003","David E. Gonsoulin"
"1403852252","T. El-mezyani"
"2145794103","Yuanyuan Zhang"
"50391902","Renfu Li"
"1456018728","Tao Xue"
"2727588","Zhikun Lei"
"2067173205","T. Xue"
"2047407616","Zhimin Liu"
"2113321971","Z. Yao"
"145852515","Song Jia"
"2065168031","Gao Ke"
"2059219689","Wang Lun"
"100992580","Yang Erfu"
"2074308746","A. Anuradha"
"113088010","Elizabeth Rollinsand"
"2112337363","Yu Hu"
"1995670243","Mingtao Liu"
"2148947971","Jiefu Li"
"143664432","Jia Song"
"2054042593","Ke Gao"
"2153518499","Lun Wang"
"48553748","Erfu Yang"
"2055309729","Guangtai Tian"
"145226384","G. Duan"
"31929619","M. Kamaldar"
"143740180","T. Seigler"
"40412766","Mehmet Arıcı"
"9422852","T. Kara"
"50261507","J. Poveda"
"144648193","A. Teel"
"2083335652","E. Yousefi"
"50560774","Jing Zhang"
"48520048","Xiaoke Yang"
"3805441","Lingyu Yang"
"2011924","A. Farahmand"
"47714828","M. Xia"
"73219678","D. Demir"
"1725711","Kilsoo Kim"
"33356877","V. T. Duong"
"31488481","Huy Hung Nguyen"
"3133223","S. Jeong"
"39705773","T. Tran"
"2109827892","Sang Bong Kim"
"73304521","T. Nguyen"
"10290402","T. Nguyen"
"2108558958","J. W. Lee"
"7620031","Dongdong Yue"
"2107189649","Jinde Cao"
"2246170679","B. D. Schutter"
"1488648647","Radosław Patelski"
"1746429","D. Pazderski"
"2202884203","Huanhuan He"
"2242949668","Quan Zou"
"2202912360","Xue Fan"
"39261035","Xin Huang"
"2041752764","Xinyu Han"
"19172470","S. J. Ohrem"
"40303701","C. Holden"
"1443784072","Raghavv Goel"
"88935757","O. Somefun"
"7523725","K. Akingbade"
"1755012","F. Dahunsi"
"2061436989","Qinghua Hou"
"2149098875","Lei Liu"
"144897447","Guo Xie"
"34901397","Min Wang"
"144945348","Jing Xie"
"144041880","D. Yang"
"38392579","Jun Zhao"
"26910446","V. H. P. Rodrigues"
"145248675","L. Fridman"
"2112771395","Rongrong Yu"
"1519050582","Ye-hwa Chen"
"51209090","H. Zhao"
"2793457","Shengchao Zhen"
"46324444","Qingrui Zhang"
"1873262","H. Liu"
"1404833483","Gerardo Navarro-Guerrero"
"92064129","Yu Tang"
"1390572170","Jun Zhao"
"32366201","J. Boskovic"
"2320562","Joseph A. Jackson"
"145209674","R. Wise"
"38595308","Jemin George"
"30749489","Z. Liang"
"46869241","Ming Bai"
"2109611604","Jinyi Yang"
"2112889287","Yonghong Zhong"
"2118427780","Ying Chen"
"7636794","Yiyi Zhan"
"2109084096","Hu Xu"
"34897497","G. Herrmann"
"30563403","Kaiqiang Zhang"
"30852584","Guopiao Li"
"145076679","Benjamin Jenkins"
"2267963334","Simone Baldi"
"2265863379","Jinde Cao"
"2199950715","Xin Ning"
"2052108180","Gong Cheng"
"2267552742","Wei Zhang"
"2119002945","Baparou Danhane"
"2765640","Jérôme Lohéac"
"2274200164","Xudong Chen"
"2274104207","Bahman Gharesifard"
"2146666106","Juan Wu"
"1891439","Kaiyan Yu"
"37730604","Nirabhra Mandal"
"1389879533","Mohammad Khajenejad"
"2067625989","S. Martínez"
"40097527","Wei Zhang"
"2691279","Shen Zeng"
"2481039","Zhe Du"
"1682385","L. Balzano"
"47068315","N. Ozay"
"2749866","Lin Tie"
"1840482651","Wei Miao"
"103025660","Michael Schonlein"
"3003034","B. Gharesifard"
"49794107","Xudong Chen"
"2781494","M. Schönlein"
"144194021","M. Lazar"
"46519350","Vignesh Narayanan"
"143715293","W. Zhang"
"35460670","Nicolas Augier"
"49109410","U. Boscain"
"1714416","M. Sigalotti"
"147857072","Pengcheng Xie"
"46699279","Molei Tao"
"2563231","G. Dirr"
"2234636886","Jianghang Huo"
"2143392432","Xiang Jiang"
"134890996","Yizhong Luan"
"2135916208","Xiaojing Ma"
"2420656","Jongkyoo Kim"
"20184819","Hangil Joe"
"2482291","Son-cheol Yu"
"21762914","J. S. Lee"
"153658000","Minsung Kim"
"2198875319","Dan Xu"
"3013331","A. Cooke"
"89121709","Xin-yu Liu"
"2110466984","Yi-Ping Li"
"87925623","Shun Yan"
"2122568","Xisheng Feng"
"2125903266","Nicolai Lorenz-Meyer"
"1405218500","Juan G. Rueda-Escobedo"
"2281055383","Jaime A. Moreno"
"2281035122","Johannes Schiffer"
"2169809812","Xinghua Zhu"
"2238124968","Zhixin Liu"
"1826774","Tushar Garg"
"38162895","Sayan Basu Roy"
"2148901041","Jia Guo"
"1782487923","Fumin Zhang"
"38728125","A. Kurdila"
"7467751","M. Maghenem"
"40858964","Adnane Saoud"
"145565797","A. Loría"
"151230873","Tushar Garg"
"144010726","Bin Hu"
"9305829","Xinghuo Yu"
"145499896","Z. Guan"
"143842718","J. Kurths"
"145205045","Guanrong Chen"
"37530612","Chengyan He"
"1723665","Chengpu Yu"
"2152209338","Ping Wang"
"14304552","T. Steentjes"
"46422170","M. Lazar"
"1696349","P. V. D. Hof"
"2072793916","Jie You"
"1804465","Wencen Wu"
"2111629305","Junyong Sun"
"1771214","Z. Geng"
"19169929","Iman Fadakar"
"3254586","Quanjie Gao"
"2053235100","Bin Lei"
"2114138488","Liangcai Zeng"
"24463293","M. Javed"
"145457012","T. Ishihara"
"2153744310","Liang-An Zheng"
"2210420081","Congcong Tian"
"48414023","Jie Mei"
"2239442450","Guangfu Ma"
"2272362275","Haiping Yang"
"2221145026","Yanjun Zhang"
"18739810","Pengyuan Qi"
"1874505","Xiaowei Zhao"
"145864387","R. Palacios"
"2108187926","Yanjun Zhang"
"47063207","Xunhong Lv"
"2288583650","Victor Owotunse"
"6225357","Chris Ogwumike"
"2266314526","Michael Short"
"145399747","Liqian Dou"
"2215367729","Yiqun Li"
"1384107096","Miaomiao Du"
"49469451","Xiuyun Zhang"
"2109822810","Zhiyu Li"
"123042151","Xin Feng"
"2075456650","Yali Lv"
"2145974791","Yang Gao"
"2110506056","Yuankai Li"
"75095413","Li Li"
"2143415805","Weihua Li"
"1935322899","Huajun Zhou"
"2112663962","Changbo Ma"
"46814846","Hongwei Xia"
"2284942241","Ioannis Kitsios"
"104978307","T. Dimopoulos"
"48766021","P. Panagiotou"
"3376446","K. Yakinthos"
"1380562797","GenSen Han"
"2151550838","Jun Zhou"
"2117522001","Qing Lu"
"2135356936","Yuqing Li"
"2551651","Fuyang Chen"
"50876633","L. xilinx Wang"
"2110878921","S. Banerjee"
"51189901","Manfredo Martinino"
"2109850","Vincent Morio"
"31104574","Jiang Ruimin"
"91550844","Guo Jianguo"
"145725268","B. Fidan"
"39771552","Peihuang Su"
"2115811636","Qi Chen"
"12901219","Jing-Min Wan"
"2351874","J. Ai"
"2099571765","Kong Weijie"
"2114158153","Yu Hao"
"46484727","Li Peng"
"2060179789","Zheng Zhiqiang"
"46333986","Weiwei Qin"
"145022513","Bing He"
"9279475","Qingqiang Qin"
"2118539017","Gang Liu"
"50218434","Zhongjie Wang"
"98597703","Bernhard Baur"
"38029547","Jiaxing Che"
"91707078","Nicholas J. Bisek"
"71030756","T. Leger"
"30969525","J. Poggie"
"2096292987","T. J. Vick"
"70249853","Ali Qahtan Tameemi"
"2826624","J. Kanesan"
"40591957","A. S. M. Khairuddin"
"2096356962","R. ElShatshat"
"2240174842","Ayman H. El-Hag"
"2264696306","Shoaib Ahmed"
"2263999454","Ahmad Rizwan"
"2185088486","Faris AtaAllah"
"3329982","R. Dhaouadi"
"2152174582","Minghao Zhou"
"2199418102","Kemeng Wei"
"50171509","Xiaogang Wu"
"2188897048","Ling Weng"
"2093562124","Hongyu Su"
"2152690922","Dong Wang"
"2145782530","Yuanke Zhang"
"2213167832","Jialin Li"
"98826838","Faris S. Atallah"
"48799240","H. Khalid"
"31049170","N. Tashakor"
"2204238630","Janvier Dusengimana"
"152534559","M. Bayati"
"51950709","A. Kersten"
"146932169","Hans-Peter Schotten"
"2198125268","Stefan Götz"
"2238369856","Grzegorz Kaczmarczyk"
"2126337169","Radoslaw Stanislawski"
"2841712","J. Szrek"
"2238343599","Marcin Kaminski"
"2244577971","Wenchen Sun"
"2244267558","Yankui Wang"
"2152038320","Chong-gen Pan"
"103935709","Z. Qi"
"31266115","I. Zaitceva"
"2146106500","Abdullah Habboush"
"3289077","Faizal M. F. Hafiz"
"2364655","A. Swain"
"20748819","A. Ukil"
"11797659","Z. Bai"
"2110052942","A. Singh"
"50727189","H. Agrawal"
"2067216416","V. Balas"
"2053093693","Y. Miao"
"2144800809","Xingjian Wang"
"2153966077","Y. Miao"
"50695156","Shaoping Wang"
"2110539000","Yanhui Li"
"9750051","M. Sathishkumar"
"1581339909","Jamal Faraji"
"1405127382","H. Hashemi‐Dezaki"
"48348791","A. Ketabi"
"2116646727","Michael Smith"
"1856081","S. Kamalasadan"
"2154998004","Jiacheng Zhang"
"2118737311","Ying Hou"
"2107167649","H. Han"
"66949199","Hong-gui Han"
"9321659","Jun-Li Qiao"
"2634535","Xinpeng Fang"
"49950749","Huijin Fan"
"40397893","Wei Wang"
"46183198","Lei Liu"
"2113279429","Zhongtao Cheng"
"2588184","Xiaozheng Jin"
"34804624","Weiwei Che"
"2146267420","Zhengguang Wu"
"1576064486","Chaodong Deng"
"2105797295","Parameshwaran Ramalingam"
"144492490","G. Lakshminarayanan"
"70152032","Manikandan Ramachandran"
"30626672","Rizwan Patan"
"2054342909","Yan Zhen"
"144932914","Bo Zhao"
"2067725092","Guang Shi"
"144977359","Ding Wang"
"31208853","Jianing Yan"
"150350567","Yuhan Mou"
"1927205","Derong Liu"
"1785004","C. Alippi"
"30518952","J. Zhang"
"2150358926","Chao Li"
"2122307807","Jinuk Kim"
"1704014","H. Choi"
"2199902527","Jin-Woo Jung"
"49387393","Agnes Gabrys"
"51022995","Daniel M. Gierszewski"
"145499931","N. Mumm"
"35289622","Simona Wulf"
"8856124","Patrick J. Lauffs"
"34839258","L. Peter"
"35621110","Markus Hochstrasser"
"8840023","Kajetan Nurnberger"
"2054984312","Volker Schneider"
"48016595","Hao Wang"
"2153073927","Emmanuel Doumard"
"1390026099","C. Soulé-Dupuy"
"4208738","P. Kémoun"
"3342952","Julien Aligon"
"6668476","P. Monsarrat"
"1679158","H. Schmidtke"
"2101221657","Bastian Engelking"
"2102243","W. Buchholz"
"2629510","F. Köhne"
"1572093363","Robert D. Halverson"
"13521287","R. Pates"
"2317315","L. Bridgeman"
"50201693","Shaojie Zhang"
"2165902498","Han Zhang"
"145851472","Kun Ji"
"2110766645","Zibo Jin"
"2112927788","Lu Nie"
"48109108","Daochun Li"
"2148751558","Zhan Tu"
"2102771","J. Xiang"
"2121475451","Useok Jung"
"2149542047","M. Cho"
"2140527863","Ji-Won Woo"
"2149054361","Chang-Joo Kim"
"2088073031","G. Seo"
"2087590641","Jongin Ju"
"88895026","L. Pustina"
"2814148","C. Lugni"
"50401955","G. Bernardini"
"4754139","J. Serafini"
"70264987","M. Gennaretti"
"2091101908","Bart Helder"
"30772010","Chiramathe Nami"
"1883643","K. Oka"
"145557104","Masayuki Sato"
"1838503","A. Harada"
"144508057","K. Muraoka"
"46498576","Xing Fang"
"31393271","Yujia Shang"
"2074770620","A V Khakimov"
"148307488","V. Nechaev"
"30902104","M. Kostishin"
"2230711","Jianzhe Huang"
"3154864","Zhenxing Gao"
"2883770","R. Andoga"
"2720847","L. Főző"
"2715103","J. Judičák"
"9257674","R. Bréda"
"7484082","S. Szabo"
"30618900","R. Rozenberg"
"52058524","M. Džunda"
"38939757","J. Prakosa"
"2155273636","Hai Wang"
"3082284","E. Kurniawan"
"2100249155","S. Agmal"
"103269195","M. J. Kholili"
"2256416558","A. Panteleev"
"2256418420","A. Yakovleva"
"2259213","B. Kada"
"35196419","I. Kudryavtseva"
"2057443889","A. Efremov"
"50824457","A. Panteleev"
"2127692169","Alex dos Reis de Souza"
"1806548","P. Vuillemin"
"1399326202","Charles Poussot-Vassal"
"92821582","D. Quero"
"2134171447","Minh Tu Pham"
"40278558","P. Simplício"
"48093092","A. Marcos"
"48709398","S. Bennani"
"2685056","I. Furtat"
"81330829","N. Gates"
"1381799521","K. R. Moore"
"2816951","A. Ning"
"2622761","J. Hedengren"
"147179400","Julio Yuzo Yassuda"
"2803576","C. Agulhari"
"2282174883","Emerson Ravazzi Pires da Silva"
"151450790","Weitian He"
"103685043","C. Mu"
"2059112405","T. Zou"
"2145572068","Han-Xiong Li"
"2200225759","Ya‐Jun Gao"
"2266524382","Guangren Duan"
"2118588005","Fukai Zhang"
"2116639737","Cong Wang"
"84400528","J. Rimani"
"1581919980","Giordana Bucchioni"
"2126073661","A. D. Ryals"
"30995551","N. Viola"
"1405444311","S. Lizy-Destrez"
"2193869657","Tianao Zhao"
"50135754","W. Li"
"2145907415","Qi Zhang"
"2152917872","Yang Yang"
"2153473752","Xue Song"
"40756161","Xiaoran Xie"
"2161203701","Naibo Zhu"
"2118357417","Zhi Liu"
"2035636169","Suiyuan Shen"
"2159230","Jinfa Xu"
"2219098004","Pei Chen"
"9326236","Qingyuan Xia"
"1724004","Tao Zou"
"47955246","Ge Ma"
"2119108457","H. Wu"
"2107083795","Liang Cao"
"2156268523","Shuangyin Liu"
"2187234","F. G. Awan"
"2144505620","Jingfeng Yang"
"46947423","Zhifu Li"
"2153198956","Weijun Sun"
"46329514","Ying-Chih Lai"
"144847284","T. Le"
"2056768475","Nouha Rouis"
"88458964","I. N’Doye"
"1398824411","T. Laleg‐Kirati"
"145851010","A. N. D. Lopes"
"3074160","Laurent Arcese"
"1996441","K. Guelton"
"1985711","A. Cherifi"
"1455933134","J. Goyal"
"2093203995","Shubham Aggarwal"
"152709614","Sandip Ghosh"
"2528349","S. Kamal"
"2305701","P. Dworak"
"2111281684","Bhawana Singh"
"1641822450","Anil Kumar Pal"
"151478541","Glenn Janiak"
"151478985","Kenneth Vonckx"
"30906720","Md. Suruz Miah"
"2068515305","Sutrisno"
"122736260","Widowati"
"66044619","R. H. Tjahiana"
"30727721","Bedrettin Mahmut Kocagil"
"46427969","Sinan Ozcan"
"31344287","Ahmet Cagri Arican"
"150329044","Umit Mufit Guzey"
"2810876","E. H. Çopur"
"3250804","M. U. Salamci"
"51202042","Andrew Fandel"
"51199118","Anthony Birge"
"8779736","S. Miah"
"9346423","Himani Modi"
"2112537545","Sunny Shah"
"145569544","N. Pang"
"2153687680","Xin Wang"
"2141901981","Zuo-Ren Chen"
"2198874176","Rongshun Chen"
"2261683053","Jong-Shinn Wu"
"3409464","Jiazeng Shan"
"2119077855","Hanqing Zhang"
"8172268","Yuting Ouyang"
"48321904","Weixing Shi"
"1644339473","E. Castanho"
"49925237","Jie Mei"
"83260770","Jorge Muñoz"
"2675254","D. Copaci"
"4049580","C. Monje"
"145293807","D. Blanco"
"144078765","C. Balaguer"
"51249577","B. Telsang"
"48537460","Anja Slama"
"51436944","Boyang Zhang"
"48305226","Xiu-xia Sun"
"2108002268","Shuguang Liu"
"31365819","Xiong-feng Deng"
"2178527","N. Ofodile"
"29396023","P. Poksawat"
"2259645653","Abdulghani Mohamed"